INFO:     Will watch for changes in these directories: ['D:\\Delhi Protest\\backend']
INFO:     Uvicorn running on http://127.0.0.1:8000 (Press CTRL+C to quit)
INFO:     Started reloader process [20672] using WatchFiles
INFO:     Started server process [28376]
INFO:     Waiting for application startup.
INFO:     Application startup complete.
INFO:     127.0.0.1:64254 - "POST /api/ingest HTTP/1.1" 500 Internal Server Error
ERROR:    Exception in ASGI application
Traceback (most recent call last):
  File "D:\Delhi Protest\backend\.venv\Lib\site-packages\sqlalchemy\engine\base.py", line 1969, in _exec_single_context
    self.dialect.do_execute(
    ~~~~~~~~~~~~~~~~~~~~~~~^
        cursor, str_statement, effective_parameters, context
        ^^^^^^^^^^^^^^^^^^^^^^^^^^^^^^^^^^^^^^^^^^^^^^^^^^^^
    )
    ^
  File "D:\Delhi Protest\backend\.venv\Lib\site-packages\sqlalchemy\engine\default.py", line 952, in do_execute
    cursor.execute(statement, parameters)
    ~~~~~~~~~~~~~~^^^^^^^^^^^^^^^^^^^^^^^
  File "D:\Delhi Protest\backend\.venv\Lib\site-packages\sqlalchemy\dialects\sqlite\aiosqlite.py", line 183, in execute
    self._adapt_connection._handle_exception(error)
    ~~~~~~~~~~~~~~~~~~~~~~~~~~~~~~~~~~~~~~~~^^^^^^^
  File "D:\Delhi Protest\backend\.venv\Lib\site-packages\sqlalchemy\dialects\sqlite\aiosqlite.py", line 343, in _handle_exception
    raise error
  File "D:\Delhi Protest\backend\.venv\Lib\site-packages\sqlalchemy\dialects\sqlite\aiosqlite.py", line 165, in execute
    self.await_(_cursor.execute(operation, parameters))
    ~~~~~~~~~~~^^^^^^^^^^^^^^^^^^^^^^^^^^^^^^^^^^^^^^^^
  File "D:\Delhi Protest\backend\.venv\Lib\site-packages\sqlalchemy\util\_concurrency_py3k.py", line 132, in await_only
    return current.parent.switch(awaitable)  # type: ignore[no-any-return,attr-defined] # noqa: E501
           ~~~~~~~~~~~~~~~~~~~~~^^^^^^^^^^^
  File "D:\Delhi Protest\backend\.venv\Lib\site-packages\sqlalchemy\util\_concurrency_py3k.py", line 196, in greenlet_spawn
    value = await result
            ^^^^^^^^^^^^
  File "D:\Delhi Protest\backend\.venv\Lib\site-packages\aiosqlite\cursor.py", line 40, in execute
    await self._execute(self._cursor.execute, sql, parameters)
  File "D:\Delhi Protest\backend\.venv\Lib\site-packages\aiosqlite\cursor.py", line 32, in _execute
    return await self._conn._execute(fn, *args, **kwargs)
           ^^^^^^^^^^^^^^^^^^^^^^^^^^^^^^^^^^^^^^^^^^^^^^
  File "D:\Delhi Protest\backend\.venv\Lib\site-packages\aiosqlite\core.py", line 160, in _execute
    return await future
           ^^^^^^^^^^^^
  File "D:\Delhi Protest\backend\.venv\Lib\site-packages\aiosqlite\core.py", line 63, in _connection_worker_thread
    result = function()
sqlite3.OperationalError: no such column: articles.image_url

The above exception was the direct cause of the following exception:

Traceback (most recent call last):
  File "D:\Delhi Protest\backend\.venv\Lib\site-packages\uvicorn\protocols\http\httptools_impl.py", line 399, in run_asgi
    result = await app(  # type: ignore[func-returns-value]
             ^^^^^^^^^^^^^^^^^^^^^^^^^^^^^^^^^^^^^^^^^^^^^^
        self.scope, self.receive, self.send
        ^^^^^^^^^^^^^^^^^^^^^^^^^^^^^^^^^^^
    )
    ^
  File "D:\Delhi Protest\backend\.venv\Lib\site-packages\uvicorn\middleware\proxy_headers.py", line 70, in __call__
    return await self.app(scope, receive, send)
           ^^^^^^^^^^^^^^^^^^^^^^^^^^^^^^^^^^^^
  File "D:\Delhi Protest\backend\.venv\Lib\site-packages\fastapi\applications.py", line 1054, in __call__
    await super().__call__(scope, receive, send)
  File "D:\Delhi Protest\backend\.venv\Lib\site-packages\starlette\applications.py", line 123, in __call__
    await self.middleware_stack(scope, receive, send)
  File "D:\Delhi Protest\backend\.venv\Lib\site-packages\starlette\middleware\errors.py", line 186, in __call__
    raise exc
  File "D:\Delhi Protest\backend\.venv\Lib\site-packages\starlette\middleware\errors.py", line 164, in __call__
    await self.app(scope, receive, _send)
  File "D:\Delhi Protest\backend\.venv\Lib\site-packages\starlette\middleware\cors.py", line 85, in __call__
    await self.app(scope, receive, send)
  File "D:\Delhi Protest\backend\.venv\Lib\site-packages\starlette\middleware\exceptions.py", line 65, in __call__
    await wrap_app_handling_exceptions(self.app, conn)(scope, receive, send)
  File "D:\Delhi Protest\backend\.venv\Lib\site-packages\starlette\_exception_handler.py", line 64, in wrapped_app
    raise exc
  File "D:\Delhi Protest\backend\.venv\Lib\site-packages\starlette\_exception_handler.py", line 53, in wrapped_app
    await app(scope, receive, sender)
  File "D:\Delhi Protest\backend\.venv\Lib\site-packages\starlette\routing.py", line 756, in __call__
    await self.middleware_stack(scope, receive, send)
  File "D:\Delhi Protest\backend\.venv\Lib\site-packages\starlette\routing.py", line 776, in app
    await route.handle(scope, receive, send)
  File "D:\Delhi Protest\backend\.venv\Lib\site-packages\starlette\routing.py", line 297, in handle
    await self.app(scope, receive, send)
  File "D:\Delhi Protest\backend\.venv\Lib\site-packages\starlette\routing.py", line 77, in app
    await wrap_app_handling_exceptions(app, request)(scope, receive, send)
  File "D:\Delhi Protest\backend\.venv\Lib\site-packages\starlette\_exception_handler.py", line 64, in wrapped_app
    raise exc
  File "D:\Delhi Protest\backend\.venv\Lib\site-packages\starlette\_exception_handler.py", line 53, in wrapped_app
    await app(scope, receive, sender)
  File "D:\Delhi Protest\backend\.venv\Lib\site-packages\starlette\routing.py", line 72, in app
    response = await func(request)
               ^^^^^^^^^^^^^^^^^^^
  File "D:\Delhi Protest\backend\.venv\Lib\site-packages\fastapi\routing.py", line 278, in app
    raw_response = await run_endpoint_function(
                   ^^^^^^^^^^^^^^^^^^^^^^^^^^^^
        dependant=dependant, values=values, is_coroutine=is_coroutine
        ^^^^^^^^^^^^^^^^^^^^^^^^^^^^^^^^^^^^^^^^^^^^^^^^^^^^^^^^^^^^^
    )
    ^
  File "D:\Delhi Protest\backend\.venv\Lib\site-packages\fastapi\routing.py", line 191, in run_endpoint_function
    return await dependant.call(**values)
           ^^^^^^^^^^^^^^^^^^^^^^^^^^^^^^
  File "D:\Delhi Protest\backend\app\routers\ingest.py", line 73, in ingest_data
    existing = await db.execute(select(Article).where(Article.slug == a.slug))
               ^^^^^^^^^^^^^^^^^^^^^^^^^^^^^^^^^^^^^^^^^^^^^^^^^^^^^^^^^^^^^^^
  File "D:\Delhi Protest\backend\.venv\Lib\site-packages\sqlalchemy\ext\asyncio\session.py", line 448, in execute
    result = await greenlet_spawn(
             ^^^^^^^^^^^^^^^^^^^^^
    ...<6 lines>...
    )
    ^
  File "D:\Delhi Protest\backend\.venv\Lib\site-packages\sqlalchemy\util\_concurrency_py3k.py", line 201, in greenlet_spawn
    result = context.throw(*sys.exc_info())
  File "D:\Delhi Protest\backend\.venv\Lib\site-packages\sqlalchemy\orm\session.py", line 2373, in execute
    return self._execute_internal(
           ~~~~~~~~~~~~~~~~~~~~~~^
        statement,
        ^^^^^^^^^^
    ...<4 lines>...
        _add_event=_add_event,
        ^^^^^^^^^^^^^^^^^^^^^^
    )
    ^
  File "D:\Delhi Protest\backend\.venv\Lib\site-packages\sqlalchemy\orm\session.py", line 2271, in _execute_internal
    result: Result[Any] = compile_state_cls.orm_execute_statement(
                          ~~~~~~~~~~~~~~~~~~~~~~~~~~~~~~~~~~~~~~~^
        self,
        ^^^^^
    ...<4 lines>...
        conn,
        ^^^^^
    )
    ^
  File "D:\Delhi Protest\backend\.venv\Lib\site-packages\sqlalchemy\orm\context.py", line 306, in orm_execute_statement
    result = conn.execute(
        statement, params or {}, execution_options=execution_options
    )
  File "D:\Delhi Protest\backend\.venv\Lib\site-packages\sqlalchemy\engine\base.py", line 1421, in execute
    return meth(
        self,
        distilled_parameters,
        execution_options or NO_OPTIONS,
    )
  File "D:\Delhi Protest\backend\.venv\Lib\site-packages\sqlalchemy\sql\elements.py", line 526, in _execute_on_connection
    return connection._execute_clauseelement(
           ~~~~~~~~~~~~~~~~~~~~~~~~~~~~~~~~~^
        self, distilled_params, execution_options
        ^^^^^^^^^^^^^^^^^^^^^^^^^^^^^^^^^^^^^^^^^
    )
    ^
  File "D:\Delhi Protest\backend\.venv\Lib\site-packages\sqlalchemy\engine\base.py", line 1643, in _execute_clauseelement
    ret = self._execute_context(
        dialect,
    ...<8 lines>...
        cache_hit=cache_hit,
    )
  File "D:\Delhi Protest\backend\.venv\Lib\site-packages\sqlalchemy\engine\base.py", line 1848, in _execute_context
    return self._exec_single_context(
           ~~~~~~~~~~~~~~~~~~~~~~~~~^
        dialect, context, statement, parameters
        ^^^^^^^^^^^^^^^^^^^^^^^^^^^^^^^^^^^^^^^
    )
    ^
  File "D:\Delhi Protest\backend\.venv\Lib\site-packages\sqlalchemy\engine\base.py", line 1988, in _exec_single_context
    self._handle_dbapi_exception(
    ~~~~~~~~~~~~~~~~~~~~~~~~~~~~^
        e, str_statement, effective_parameters, cursor, context
        ^^^^^^^^^^^^^^^^^^^^^^^^^^^^^^^^^^^^^^^^^^^^^^^^^^^^^^^
    )
    ^
  File "D:\Delhi Protest\backend\.venv\Lib\site-packages\sqlalchemy\engine\base.py", line 2365, in _handle_dbapi_exception
    raise sqlalchemy_exception.with_traceback(exc_info[2]) from e
  File "D:\Delhi Protest\backend\.venv\Lib\site-packages\sqlalchemy\engine\base.py", line 1969, in _exec_single_context
    self.dialect.do_execute(
    ~~~~~~~~~~~~~~~~~~~~~~~^
        cursor, str_statement, effective_parameters, context
        ^^^^^^^^^^^^^^^^^^^^^^^^^^^^^^^^^^^^^^^^^^^^^^^^^^^^
    )
    ^
  File "D:\Delhi Protest\backend\.venv\Lib\site-packages\sqlalchemy\engine\default.py", line 952, in do_execute
    cursor.execute(statement, parameters)
    ~~~~~~~~~~~~~~^^^^^^^^^^^^^^^^^^^^^^^
  File "D:\Delhi Protest\backend\.venv\Lib\site-packages\sqlalchemy\dialects\sqlite\aiosqlite.py", line 183, in execute
    self._adapt_connection._handle_exception(error)
    ~~~~~~~~~~~~~~~~~~~~~~~~~~~~~~~~~~~~~~~~^^^^^^^
  File "D:\Delhi Protest\backend\.venv\Lib\site-packages\sqlalchemy\dialects\sqlite\aiosqlite.py", line 343, in _handle_exception
    raise error
  File "D:\Delhi Protest\backend\.venv\Lib\site-packages\sqlalchemy\dialects\sqlite\aiosqlite.py", line 165, in execute
    self.await_(_cursor.execute(operation, parameters))
    ~~~~~~~~~~~^^^^^^^^^^^^^^^^^^^^^^^^^^^^^^^^^^^^^^^^
  File "D:\Delhi Protest\backend\.venv\Lib\site-packages\sqlalchemy\util\_concurrency_py3k.py", line 132, in await_only
    return current.parent.switch(awaitable)  # type: ignore[no-any-return,attr-defined] # noqa: E501
           ~~~~~~~~~~~~~~~~~~~~~^^^^^^^^^^^
  File "D:\Delhi Protest\backend\.venv\Lib\site-packages\sqlalchemy\util\_concurrency_py3k.py", line 196, in greenlet_spawn
    value = await result
            ^^^^^^^^^^^^
  File "D:\Delhi Protest\backend\.venv\Lib\site-packages\aiosqlite\cursor.py", line 40, in execute
    await self._execute(self._cursor.execute, sql, parameters)
  File "D:\Delhi Protest\backend\.venv\Lib\site-packages\aiosqlite\cursor.py", line 32, in _execute
    return await self._conn._execute(fn, *args, **kwargs)
           ^^^^^^^^^^^^^^^^^^^^^^^^^^^^^^^^^^^^^^^^^^^^^^
  File "D:\Delhi Protest\backend\.venv\Lib\site-packages\aiosqlite\core.py", line 160, in _execute
    return await future
           ^^^^^^^^^^^^
  File "D:\Delhi Protest\backend\.venv\Lib\site-packages\aiosqlite\core.py", line 63, in _connection_worker_thread
    result = function()
sqlalchemy.exc.OperationalError: (sqlite3.OperationalError) no such column: articles.image_url
[SQL: SELECT articles.id, articles.title, articles.slug, articles.summary, articles.content, articles.image_url, articles.category, articles.type, articles.is_published, articles.published_at, articles.last_updated, articles.perspective, articles.correction_history, articles.created_at, articles.updated_at 
FROM articles 
WHERE articles.slug = ?]
[parameters: ('https://test.com/test123',)]
(Background on this error at: https://sqlalche.me/e/20/e3q8)
INFO:     127.0.0.1:53225 - "GET / HTTP/1.1" 404 Not Found
INFO:     127.0.0.1:53227 - "GET /docs HTTP/1.1" 200 OK
INFO:     127.0.0.1:53229 - "GET /api/articles HTTP/1.1" 500 Internal Server Error
ERROR:    Exception in ASGI application
Traceback (most recent call last):
  File "D:\Delhi Protest\backend\.venv\Lib\site-packages\sqlalchemy\engine\base.py", line 1969, in _exec_single_context
    self.dialect.do_execute(
    ~~~~~~~~~~~~~~~~~~~~~~~^
        cursor, str_statement, effective_parameters, context
        ^^^^^^^^^^^^^^^^^^^^^^^^^^^^^^^^^^^^^^^^^^^^^^^^^^^^
    )
    ^
  File "D:\Delhi Protest\backend\.venv\Lib\site-packages\sqlalchemy\engine\default.py", line 952, in do_execute
    cursor.execute(statement, parameters)
    ~~~~~~~~~~~~~~^^^^^^^^^^^^^^^^^^^^^^^
  File "D:\Delhi Protest\backend\.venv\Lib\site-packages\sqlalchemy\dialects\sqlite\aiosqlite.py", line 183, in execute
    self._adapt_connection._handle_exception(error)
    ~~~~~~~~~~~~~~~~~~~~~~~~~~~~~~~~~~~~~~~~^^^^^^^
  File "D:\Delhi Protest\backend\.venv\Lib\site-packages\sqlalchemy\dialects\sqlite\aiosqlite.py", line 343, in _handle_exception
    raise error
  File "D:\Delhi Protest\backend\.venv\Lib\site-packages\sqlalchemy\dialects\sqlite\aiosqlite.py", line 165, in execute
    self.await_(_cursor.execute(operation, parameters))
    ~~~~~~~~~~~^^^^^^^^^^^^^^^^^^^^^^^^^^^^^^^^^^^^^^^^
  File "D:\Delhi Protest\backend\.venv\Lib\site-packages\sqlalchemy\util\_concurrency_py3k.py", line 132, in await_only
    return current.parent.switch(awaitable)  # type: ignore[no-any-return,attr-defined] # noqa: E501
           ~~~~~~~~~~~~~~~~~~~~~^^^^^^^^^^^
  File "D:\Delhi Protest\backend\.venv\Lib\site-packages\sqlalchemy\util\_concurrency_py3k.py", line 196, in greenlet_spawn
    value = await result
            ^^^^^^^^^^^^
  File "D:\Delhi Protest\backend\.venv\Lib\site-packages\aiosqlite\cursor.py", line 40, in execute
    await self._execute(self._cursor.execute, sql, parameters)
  File "D:\Delhi Protest\backend\.venv\Lib\site-packages\aiosqlite\cursor.py", line 32, in _execute
    return await self._conn._execute(fn, *args, **kwargs)
           ^^^^^^^^^^^^^^^^^^^^^^^^^^^^^^^^^^^^^^^^^^^^^^
  File "D:\Delhi Protest\backend\.venv\Lib\site-packages\aiosqlite\core.py", line 160, in _execute
    return await future
           ^^^^^^^^^^^^
  File "D:\Delhi Protest\backend\.venv\Lib\site-packages\aiosqlite\core.py", line 63, in _connection_worker_thread
    result = function()
sqlite3.OperationalError: no such column: articles.image_url

The above exception was the direct cause of the following exception:

Traceback (most recent call last):
  File "D:\Delhi Protest\backend\.venv\Lib\site-packages\uvicorn\protocols\http\httptools_impl.py", line 399, in run_asgi
    result = await app(  # type: ignore[func-returns-value]
             ^^^^^^^^^^^^^^^^^^^^^^^^^^^^^^^^^^^^^^^^^^^^^^
        self.scope, self.receive, self.send
        ^^^^^^^^^^^^^^^^^^^^^^^^^^^^^^^^^^^
    )
    ^
  File "D:\Delhi Protest\backend\.venv\Lib\site-packages\uvicorn\middleware\proxy_headers.py", line 70, in __call__
    return await self.app(scope, receive, send)
           ^^^^^^^^^^^^^^^^^^^^^^^^^^^^^^^^^^^^
  File "D:\Delhi Protest\backend\.venv\Lib\site-packages\fastapi\applications.py", line 1054, in __call__
    await super().__call__(scope, receive, send)
  File "D:\Delhi Protest\backend\.venv\Lib\site-packages\starlette\applications.py", line 123, in __call__
    await self.middleware_stack(scope, receive, send)
  File "D:\Delhi Protest\backend\.venv\Lib\site-packages\starlette\middleware\errors.py", line 186, in __call__
    raise exc
  File "D:\Delhi Protest\backend\.venv\Lib\site-packages\starlette\middleware\errors.py", line 164, in __call__
    await self.app(scope, receive, _send)
  File "D:\Delhi Protest\backend\.venv\Lib\site-packages\starlette\middleware\cors.py", line 85, in __call__
    await self.app(scope, receive, send)
  File "D:\Delhi Protest\backend\.venv\Lib\site-packages\starlette\middleware\exceptions.py", line 65, in __call__
    await wrap_app_handling_exceptions(self.app, conn)(scope, receive, send)
  File "D:\Delhi Protest\backend\.venv\Lib\site-packages\starlette\_exception_handler.py", line 64, in wrapped_app
    raise exc
  File "D:\Delhi Protest\backend\.venv\Lib\site-packages\starlette\_exception_handler.py", line 53, in wrapped_app
    await app(scope, receive, sender)
  File "D:\Delhi Protest\backend\.venv\Lib\site-packages\starlette\routing.py", line 756, in __call__
    await self.middleware_stack(scope, receive, send)
  File "D:\Delhi Protest\backend\.venv\Lib\site-packages\starlette\routing.py", line 776, in app
    await route.handle(scope, receive, send)
  File "D:\Delhi Protest\backend\.venv\Lib\site-packages\starlette\routing.py", line 297, in handle
    await self.app(scope, receive, send)
  File "D:\Delhi Protest\backend\.venv\Lib\site-packages\starlette\routing.py", line 77, in app
    await wrap_app_handling_exceptions(app, request)(scope, receive, send)
  File "D:\Delhi Protest\backend\.venv\Lib\site-packages\starlette\_exception_handler.py", line 64, in wrapped_app
    raise exc
  File "D:\Delhi Protest\backend\.venv\Lib\site-packages\starlette\_exception_handler.py", line 53, in wrapped_app
    await app(scope, receive, sender)
  File "D:\Delhi Protest\backend\.venv\Lib\site-packages\starlette\routing.py", line 72, in app
    response = await func(request)
               ^^^^^^^^^^^^^^^^^^^
  File "D:\Delhi Protest\backend\.venv\Lib\site-packages\fastapi\routing.py", line 278, in app
    raw_response = await run_endpoint_function(
                   ^^^^^^^^^^^^^^^^^^^^^^^^^^^^
        dependant=dependant, values=values, is_coroutine=is_coroutine
        ^^^^^^^^^^^^^^^^^^^^^^^^^^^^^^^^^^^^^^^^^^^^^^^^^^^^^^^^^^^^^
    )
    ^
  File "D:\Delhi Protest\backend\.venv\Lib\site-packages\fastapi\routing.py", line 191, in run_endpoint_function
    return await dependant.call(**values)
           ^^^^^^^^^^^^^^^^^^^^^^^^^^^^^^
  File "D:\Delhi Protest\backend\app\routers\__init__.py", line 47, in list_articles
    result = await db.execute(
             ^^^^^^^^^^^^^^^^^
    ...<3 lines>...
    )
    ^
  File "D:\Delhi Protest\backend\.venv\Lib\site-packages\sqlalchemy\ext\asyncio\session.py", line 448, in execute
    result = await greenlet_spawn(
             ^^^^^^^^^^^^^^^^^^^^^
    ...<6 lines>...
    )
    ^
  File "D:\Delhi Protest\backend\.venv\Lib\site-packages\sqlalchemy\util\_concurrency_py3k.py", line 201, in greenlet_spawn
    result = context.throw(*sys.exc_info())
  File "D:\Delhi Protest\backend\.venv\Lib\site-packages\sqlalchemy\orm\session.py", line 2373, in execute
    return self._execute_internal(
           ~~~~~~~~~~~~~~~~~~~~~~^
        statement,
        ^^^^^^^^^^
    ...<4 lines>...
        _add_event=_add_event,
        ^^^^^^^^^^^^^^^^^^^^^^
    )
    ^
  File "D:\Delhi Protest\backend\.venv\Lib\site-packages\sqlalchemy\orm\session.py", line 2271, in _execute_internal
    result: Result[Any] = compile_state_cls.orm_execute_statement(
                          ~~~~~~~~~~~~~~~~~~~~~~~~~~~~~~~~~~~~~~~^
        self,
        ^^^^^
    ...<4 lines>...
        conn,
        ^^^^^
    )
    ^
  File "D:\Delhi Protest\backend\.venv\Lib\site-packages\sqlalchemy\orm\context.py", line 306, in orm_execute_statement
    result = conn.execute(
        statement, params or {}, execution_options=execution_options
    )
  File "D:\Delhi Protest\backend\.venv\Lib\site-packages\sqlalchemy\engine\base.py", line 1421, in execute
    return meth(
        self,
        distilled_parameters,
        execution_options or NO_OPTIONS,
    )
  File "D:\Delhi Protest\backend\.venv\Lib\site-packages\sqlalchemy\sql\elements.py", line 526, in _execute_on_connection
    return connection._execute_clauseelement(
           ~~~~~~~~~~~~~~~~~~~~~~~~~~~~~~~~~^
        self, distilled_params, execution_options
        ^^^^^^^^^^^^^^^^^^^^^^^^^^^^^^^^^^^^^^^^^
    )
    ^
  File "D:\Delhi Protest\backend\.venv\Lib\site-packages\sqlalchemy\engine\base.py", line 1643, in _execute_clauseelement
    ret = self._execute_context(
        dialect,
    ...<8 lines>...
        cache_hit=cache_hit,
    )
  File "D:\Delhi Protest\backend\.venv\Lib\site-packages\sqlalchemy\engine\base.py", line 1848, in _execute_context
    return self._exec_single_context(
           ~~~~~~~~~~~~~~~~~~~~~~~~~^
        dialect, context, statement, parameters
        ^^^^^^^^^^^^^^^^^^^^^^^^^^^^^^^^^^^^^^^
    )
    ^
  File "D:\Delhi Protest\backend\.venv\Lib\site-packages\sqlalchemy\engine\base.py", line 1988, in _exec_single_context
    self._handle_dbapi_exception(
    ~~~~~~~~~~~~~~~~~~~~~~~~~~~~^
        e, str_statement, effective_parameters, cursor, context
        ^^^^^^^^^^^^^^^^^^^^^^^^^^^^^^^^^^^^^^^^^^^^^^^^^^^^^^^
    )
    ^
  File "D:\Delhi Protest\backend\.venv\Lib\site-packages\sqlalchemy\engine\base.py", line 2365, in _handle_dbapi_exception
    raise sqlalchemy_exception.with_traceback(exc_info[2]) from e
  File "D:\Delhi Protest\backend\.venv\Lib\site-packages\sqlalchemy\engine\base.py", line 1969, in _exec_single_context
    self.dialect.do_execute(
    ~~~~~~~~~~~~~~~~~~~~~~~^
        cursor, str_statement, effective_parameters, context
        ^^^^^^^^^^^^^^^^^^^^^^^^^^^^^^^^^^^^^^^^^^^^^^^^^^^^
    )
    ^
  File "D:\Delhi Protest\backend\.venv\Lib\site-packages\sqlalchemy\engine\default.py", line 952, in do_execute
    cursor.execute(statement, parameters)
    ~~~~~~~~~~~~~~^^^^^^^^^^^^^^^^^^^^^^^
  File "D:\Delhi Protest\backend\.venv\Lib\site-packages\sqlalchemy\dialects\sqlite\aiosqlite.py", line 183, in execute
    self._adapt_connection._handle_exception(error)
    ~~~~~~~~~~~~~~~~~~~~~~~~~~~~~~~~~~~~~~~~^^^^^^^
  File "D:\Delhi Protest\backend\.venv\Lib\site-packages\sqlalchemy\dialects\sqlite\aiosqlite.py", line 343, in _handle_exception
    raise error
  File "D:\Delhi Protest\backend\.venv\Lib\site-packages\sqlalchemy\dialects\sqlite\aiosqlite.py", line 165, in execute
    self.await_(_cursor.execute(operation, parameters))
    ~~~~~~~~~~~^^^^^^^^^^^^^^^^^^^^^^^^^^^^^^^^^^^^^^^^
  File "D:\Delhi Protest\backend\.venv\Lib\site-packages\sqlalchemy\util\_concurrency_py3k.py", line 132, in await_only
    return current.parent.switch(awaitable)  # type: ignore[no-any-return,attr-defined] # noqa: E501
           ~~~~~~~~~~~~~~~~~~~~~^^^^^^^^^^^
  File "D:\Delhi Protest\backend\.venv\Lib\site-packages\sqlalchemy\util\_concurrency_py3k.py", line 196, in greenlet_spawn
    value = await result
            ^^^^^^^^^^^^
  File "D:\Delhi Protest\backend\.venv\Lib\site-packages\aiosqlite\cursor.py", line 40, in execute
    await self._execute(self._cursor.execute, sql, parameters)
  File "D:\Delhi Protest\backend\.venv\Lib\site-packages\aiosqlite\cursor.py", line 32, in _execute
    return await self._conn._execute(fn, *args, **kwargs)
           ^^^^^^^^^^^^^^^^^^^^^^^^^^^^^^^^^^^^^^^^^^^^^^
  File "D:\Delhi Protest\backend\.venv\Lib\site-packages\aiosqlite\core.py", line 160, in _execute
    return await future
           ^^^^^^^^^^^^
  File "D:\Delhi Protest\backend\.venv\Lib\site-packages\aiosqlite\core.py", line 63, in _connection_worker_thread
    result = function()
sqlalchemy.exc.OperationalError: (sqlite3.OperationalError) no such column: articles.image_url
[SQL: SELECT articles.id, articles.title, articles.slug, articles.summary, articles.content, articles.image_url, articles.category, articles.type, articles.is_published, articles.published_at, articles.last_updated, articles.perspective, articles.correction_history, articles.created_at, articles.updated_at 
FROM articles 
WHERE articles.is_published = 1 ORDER BY articles.published_at DESC]
(Background on this error at: https://sqlalche.me/e/20/e3q8)
INFO:     127.0.0.1:53231 - "GET /api/articles HTTP/1.1" 500 Internal Server Error
ERROR:    Exception in ASGI application
Traceback (most recent call last):
  File "D:\Delhi Protest\backend\.venv\Lib\site-packages\sqlalchemy\engine\base.py", line 1969, in _exec_single_context
    self.dialect.do_execute(
    ~~~~~~~~~~~~~~~~~~~~~~~^
        cursor, str_statement, effective_parameters, context
        ^^^^^^^^^^^^^^^^^^^^^^^^^^^^^^^^^^^^^^^^^^^^^^^^^^^^
    )
    ^
  File "D:\Delhi Protest\backend\.venv\Lib\site-packages\sqlalchemy\engine\default.py", line 952, in do_execute
    cursor.execute(statement, parameters)
    ~~~~~~~~~~~~~~^^^^^^^^^^^^^^^^^^^^^^^
  File "D:\Delhi Protest\backend\.venv\Lib\site-packages\sqlalchemy\dialects\sqlite\aiosqlite.py", line 183, in execute
    self._adapt_connection._handle_exception(error)
    ~~~~~~~~~~~~~~~~~~~~~~~~~~~~~~~~~~~~~~~~^^^^^^^
  File "D:\Delhi Protest\backend\.venv\Lib\site-packages\sqlalchemy\dialects\sqlite\aiosqlite.py", line 343, in _handle_exception
    raise error
  File "D:\Delhi Protest\backend\.venv\Lib\site-packages\sqlalchemy\dialects\sqlite\aiosqlite.py", line 165, in execute
    self.await_(_cursor.execute(operation, parameters))
    ~~~~~~~~~~~^^^^^^^^^^^^^^^^^^^^^^^^^^^^^^^^^^^^^^^^
  File "D:\Delhi Protest\backend\.venv\Lib\site-packages\sqlalchemy\util\_concurrency_py3k.py", line 132, in await_only
    return current.parent.switch(awaitable)  # type: ignore[no-any-return,attr-defined] # noqa: E501
           ~~~~~~~~~~~~~~~~~~~~~^^^^^^^^^^^
  File "D:\Delhi Protest\backend\.venv\Lib\site-packages\sqlalchemy\util\_concurrency_py3k.py", line 196, in greenlet_spawn
    value = await result
            ^^^^^^^^^^^^
  File "D:\Delhi Protest\backend\.venv\Lib\site-packages\aiosqlite\cursor.py", line 40, in execute
    await self._execute(self._cursor.execute, sql, parameters)
  File "D:\Delhi Protest\backend\.venv\Lib\site-packages\aiosqlite\cursor.py", line 32, in _execute
    return await self._conn._execute(fn, *args, **kwargs)
           ^^^^^^^^^^^^^^^^^^^^^^^^^^^^^^^^^^^^^^^^^^^^^^
  File "D:\Delhi Protest\backend\.venv\Lib\site-packages\aiosqlite\core.py", line 160, in _execute
    return await future
           ^^^^^^^^^^^^
  File "D:\Delhi Protest\backend\.venv\Lib\site-packages\aiosqlite\core.py", line 63, in _connection_worker_thread
    result = function()
sqlite3.OperationalError: no such column: articles.image_url

The above exception was the direct cause of the following exception:

Traceback (most recent call last):
  File "D:\Delhi Protest\backend\.venv\Lib\site-packages\uvicorn\protocols\http\httptools_impl.py", line 399, in run_asgi
    result = await app(  # type: ignore[func-returns-value]
             ^^^^^^^^^^^^^^^^^^^^^^^^^^^^^^^^^^^^^^^^^^^^^^
        self.scope, self.receive, self.send
        ^^^^^^^^^^^^^^^^^^^^^^^^^^^^^^^^^^^
    )
    ^
  File "D:\Delhi Protest\backend\.venv\Lib\site-packages\uvicorn\middleware\proxy_headers.py", line 70, in __call__
    return await self.app(scope, receive, send)
           ^^^^^^^^^^^^^^^^^^^^^^^^^^^^^^^^^^^^
  File "D:\Delhi Protest\backend\.venv\Lib\site-packages\fastapi\applications.py", line 1054, in __call__
    await super().__call__(scope, receive, send)
  File "D:\Delhi Protest\backend\.venv\Lib\site-packages\starlette\applications.py", line 123, in __call__
    await self.middleware_stack(scope, receive, send)
  File "D:\Delhi Protest\backend\.venv\Lib\site-packages\starlette\middleware\errors.py", line 186, in __call__
    raise exc
  File "D:\Delhi Protest\backend\.venv\Lib\site-packages\starlette\middleware\errors.py", line 164, in __call__
    await self.app(scope, receive, _send)
  File "D:\Delhi Protest\backend\.venv\Lib\site-packages\starlette\middleware\cors.py", line 85, in __call__
    await self.app(scope, receive, send)
  File "D:\Delhi Protest\backend\.venv\Lib\site-packages\starlette\middleware\exceptions.py", line 65, in __call__
    await wrap_app_handling_exceptions(self.app, conn)(scope, receive, send)
  File "D:\Delhi Protest\backend\.venv\Lib\site-packages\starlette\_exception_handler.py", line 64, in wrapped_app
    raise exc
  File "D:\Delhi Protest\backend\.venv\Lib\site-packages\starlette\_exception_handler.py", line 53, in wrapped_app
    await app(scope, receive, sender)
  File "D:\Delhi Protest\backend\.venv\Lib\site-packages\starlette\routing.py", line 756, in __call__
    await self.middleware_stack(scope, receive, send)
  File "D:\Delhi Protest\backend\.venv\Lib\site-packages\starlette\routing.py", line 776, in app
    await route.handle(scope, receive, send)
  File "D:\Delhi Protest\backend\.venv\Lib\site-packages\starlette\routing.py", line 297, in handle
    await self.app(scope, receive, send)
  File "D:\Delhi Protest\backend\.venv\Lib\site-packages\starlette\routing.py", line 77, in app
    await wrap_app_handling_exceptions(app, request)(scope, receive, send)
  File "D:\Delhi Protest\backend\.venv\Lib\site-packages\starlette\_exception_handler.py", line 64, in wrapped_app
    raise exc
  File "D:\Delhi Protest\backend\.venv\Lib\site-packages\starlette\_exception_handler.py", line 53, in wrapped_app
    await app(scope, receive, sender)
  File "D:\Delhi Protest\backend\.venv\Lib\site-packages\starlette\routing.py", line 72, in app
    response = await func(request)
               ^^^^^^^^^^^^^^^^^^^
  File "D:\Delhi Protest\backend\.venv\Lib\site-packages\fastapi\routing.py", line 278, in app
    raw_response = await run_endpoint_function(
                   ^^^^^^^^^^^^^^^^^^^^^^^^^^^^
        dependant=dependant, values=values, is_coroutine=is_coroutine
        ^^^^^^^^^^^^^^^^^^^^^^^^^^^^^^^^^^^^^^^^^^^^^^^^^^^^^^^^^^^^^
    )
    ^
  File "D:\Delhi Protest\backend\.venv\Lib\site-packages\fastapi\routing.py", line 191, in run_endpoint_function
    return await dependant.call(**values)
           ^^^^^^^^^^^^^^^^^^^^^^^^^^^^^^
  File "D:\Delhi Protest\backend\app\routers\__init__.py", line 47, in list_articles
    result = await db.execute(
             ^^^^^^^^^^^^^^^^^
    ...<3 lines>...
    )
    ^
  File "D:\Delhi Protest\backend\.venv\Lib\site-packages\sqlalchemy\ext\asyncio\session.py", line 448, in execute
    result = await greenlet_spawn(
             ^^^^^^^^^^^^^^^^^^^^^
    ...<6 lines>...
    )
    ^
  File "D:\Delhi Protest\backend\.venv\Lib\site-packages\sqlalchemy\util\_concurrency_py3k.py", line 201, in greenlet_spawn
    result = context.throw(*sys.exc_info())
  File "D:\Delhi Protest\backend\.venv\Lib\site-packages\sqlalchemy\orm\session.py", line 2373, in execute
    return self._execute_internal(
           ~~~~~~~~~~~~~~~~~~~~~~^
        statement,
        ^^^^^^^^^^
    ...<4 lines>...
        _add_event=_add_event,
        ^^^^^^^^^^^^^^^^^^^^^^
    )
    ^
  File "D:\Delhi Protest\backend\.venv\Lib\site-packages\sqlalchemy\orm\session.py", line 2271, in _execute_internal
    result: Result[Any] = compile_state_cls.orm_execute_statement(
                          ~~~~~~~~~~~~~~~~~~~~~~~~~~~~~~~~~~~~~~~^
        self,
        ^^^^^
    ...<4 lines>...
        conn,
        ^^^^^
    )
    ^
  File "D:\Delhi Protest\backend\.venv\Lib\site-packages\sqlalchemy\orm\context.py", line 306, in orm_execute_statement
    result = conn.execute(
        statement, params or {}, execution_options=execution_options
    )
  File "D:\Delhi Protest\backend\.venv\Lib\site-packages\sqlalchemy\engine\base.py", line 1421, in execute
    return meth(
        self,
        distilled_parameters,
        execution_options or NO_OPTIONS,
    )
  File "D:\Delhi Protest\backend\.venv\Lib\site-packages\sqlalchemy\sql\elements.py", line 526, in _execute_on_connection
    return connection._execute_clauseelement(
           ~~~~~~~~~~~~~~~~~~~~~~~~~~~~~~~~~^
        self, distilled_params, execution_options
        ^^^^^^^^^^^^^^^^^^^^^^^^^^^^^^^^^^^^^^^^^
    )
    ^
  File "D:\Delhi Protest\backend\.venv\Lib\site-packages\sqlalchemy\engine\base.py", line 1643, in _execute_clauseelement
    ret = self._execute_context(
        dialect,
    ...<8 lines>...
        cache_hit=cache_hit,
    )
  File "D:\Delhi Protest\backend\.venv\Lib\site-packages\sqlalchemy\engine\base.py", line 1848, in _execute_context
    return self._exec_single_context(
           ~~~~~~~~~~~~~~~~~~~~~~~~~^
        dialect, context, statement, parameters
        ^^^^^^^^^^^^^^^^^^^^^^^^^^^^^^^^^^^^^^^
    )
    ^
  File "D:\Delhi Protest\backend\.venv\Lib\site-packages\sqlalchemy\engine\base.py", line 1988, in _exec_single_context
    self._handle_dbapi_exception(
    ~~~~~~~~~~~~~~~~~~~~~~~~~~~~^
        e, str_statement, effective_parameters, cursor, context
        ^^^^^^^^^^^^^^^^^^^^^^^^^^^^^^^^^^^^^^^^^^^^^^^^^^^^^^^
    )
    ^
  File "D:\Delhi Protest\backend\.venv\Lib\site-packages\sqlalchemy\engine\base.py", line 2365, in _handle_dbapi_exception
    raise sqlalchemy_exception.with_traceback(exc_info[2]) from e
  File "D:\Delhi Protest\backend\.venv\Lib\site-packages\sqlalchemy\engine\base.py", line 1969, in _exec_single_context
    self.dialect.do_execute(
    ~~~~~~~~~~~~~~~~~~~~~~~^
        cursor, str_statement, effective_parameters, context
        ^^^^^^^^^^^^^^^^^^^^^^^^^^^^^^^^^^^^^^^^^^^^^^^^^^^^
    )
    ^
  File "D:\Delhi Protest\backend\.venv\Lib\site-packages\sqlalchemy\engine\default.py", line 952, in do_execute
    cursor.execute(statement, parameters)
    ~~~~~~~~~~~~~~^^^^^^^^^^^^^^^^^^^^^^^
  File "D:\Delhi Protest\backend\.venv\Lib\site-packages\sqlalchemy\dialects\sqlite\aiosqlite.py", line 183, in execute
    self._adapt_connection._handle_exception(error)
    ~~~~~~~~~~~~~~~~~~~~~~~~~~~~~~~~~~~~~~~~^^^^^^^
  File "D:\Delhi Protest\backend\.venv\Lib\site-packages\sqlalchemy\dialects\sqlite\aiosqlite.py", line 343, in _handle_exception
    raise error
  File "D:\Delhi Protest\backend\.venv\Lib\site-packages\sqlalchemy\dialects\sqlite\aiosqlite.py", line 165, in execute
    self.await_(_cursor.execute(operation, parameters))
    ~~~~~~~~~~~^^^^^^^^^^^^^^^^^^^^^^^^^^^^^^^^^^^^^^^^
  File "D:\Delhi Protest\backend\.venv\Lib\site-packages\sqlalchemy\util\_concurrency_py3k.py", line 132, in await_only
    return current.parent.switch(awaitable)  # type: ignore[no-any-return,attr-defined] # noqa: E501
           ~~~~~~~~~~~~~~~~~~~~~^^^^^^^^^^^
  File "D:\Delhi Protest\backend\.venv\Lib\site-packages\sqlalchemy\util\_concurrency_py3k.py", line 196, in greenlet_spawn
    value = await result
            ^^^^^^^^^^^^
  File "D:\Delhi Protest\backend\.venv\Lib\site-packages\aiosqlite\cursor.py", line 40, in execute
    await self._execute(self._cursor.execute, sql, parameters)
  File "D:\Delhi Protest\backend\.venv\Lib\site-packages\aiosqlite\cursor.py", line 32, in _execute
    return await self._conn._execute(fn, *args, **kwargs)
           ^^^^^^^^^^^^^^^^^^^^^^^^^^^^^^^^^^^^^^^^^^^^^^
  File "D:\Delhi Protest\backend\.venv\Lib\site-packages\aiosqlite\core.py", line 160, in _execute
    return await future
           ^^^^^^^^^^^^
  File "D:\Delhi Protest\backend\.venv\Lib\site-packages\aiosqlite\core.py", line 63, in _connection_worker_thread
    result = function()
sqlalchemy.exc.OperationalError: (sqlite3.OperationalError) no such column: articles.image_url
[SQL: SELECT articles.id, articles.title, articles.slug, articles.summary, articles.content, articles.image_url, articles.category, articles.type, articles.is_published, articles.published_at, articles.last_updated, articles.perspective, articles.correction_history, articles.created_at, articles.updated_at 
FROM articles 
WHERE articles.is_published = 1 ORDER BY articles.published_at DESC]
(Background on this error at: https://sqlalche.me/e/20/e3q8)
INFO:     127.0.0.1:53233 - "GET /api/articles HTTP/1.1" 500 Internal Server Error
ERROR:    Exception in ASGI application
Traceback (most recent call last):
  File "D:\Delhi Protest\backend\.venv\Lib\site-packages\sqlalchemy\engine\base.py", line 1969, in _exec_single_context
    self.dialect.do_execute(
    ~~~~~~~~~~~~~~~~~~~~~~~^
        cursor, str_statement, effective_parameters, context
        ^^^^^^^^^^^^^^^^^^^^^^^^^^^^^^^^^^^^^^^^^^^^^^^^^^^^
    )
    ^
  File "D:\Delhi Protest\backend\.venv\Lib\site-packages\sqlalchemy\engine\default.py", line 952, in do_execute
    cursor.execute(statement, parameters)
    ~~~~~~~~~~~~~~^^^^^^^^^^^^^^^^^^^^^^^
  File "D:\Delhi Protest\backend\.venv\Lib\site-packages\sqlalchemy\dialects\sqlite\aiosqlite.py", line 183, in execute
    self._adapt_connection._handle_exception(error)
    ~~~~~~~~~~~~~~~~~~~~~~~~~~~~~~~~~~~~~~~~^^^^^^^
  File "D:\Delhi Protest\backend\.venv\Lib\site-packages\sqlalchemy\dialects\sqlite\aiosqlite.py", line 343, in _handle_exception
    raise error
  File "D:\Delhi Protest\backend\.venv\Lib\site-packages\sqlalchemy\dialects\sqlite\aiosqlite.py", line 165, in execute
    self.await_(_cursor.execute(operation, parameters))
    ~~~~~~~~~~~^^^^^^^^^^^^^^^^^^^^^^^^^^^^^^^^^^^^^^^^
  File "D:\Delhi Protest\backend\.venv\Lib\site-packages\sqlalchemy\util\_concurrency_py3k.py", line 132, in await_only
    return current.parent.switch(awaitable)  # type: ignore[no-any-return,attr-defined] # noqa: E501
           ~~~~~~~~~~~~~~~~~~~~~^^^^^^^^^^^
  File "D:\Delhi Protest\backend\.venv\Lib\site-packages\sqlalchemy\util\_concurrency_py3k.py", line 196, in greenlet_spawn
    value = await result
            ^^^^^^^^^^^^
  File "D:\Delhi Protest\backend\.venv\Lib\site-packages\aiosqlite\cursor.py", line 40, in execute
    await self._execute(self._cursor.execute, sql, parameters)
  File "D:\Delhi Protest\backend\.venv\Lib\site-packages\aiosqlite\cursor.py", line 32, in _execute
    return await self._conn._execute(fn, *args, **kwargs)
           ^^^^^^^^^^^^^^^^^^^^^^^^^^^^^^^^^^^^^^^^^^^^^^
  File "D:\Delhi Protest\backend\.venv\Lib\site-packages\aiosqlite\core.py", line 160, in _execute
    return await future
           ^^^^^^^^^^^^
  File "D:\Delhi Protest\backend\.venv\Lib\site-packages\aiosqlite\core.py", line 63, in _connection_worker_thread
    result = function()
sqlite3.OperationalError: no such column: articles.image_url

The above exception was the direct cause of the following exception:

Traceback (most recent call last):
  File "D:\Delhi Protest\backend\.venv\Lib\site-packages\uvicorn\protocols\http\httptools_impl.py", line 399, in run_asgi
    result = await app(  # type: ignore[func-returns-value]
             ^^^^^^^^^^^^^^^^^^^^^^^^^^^^^^^^^^^^^^^^^^^^^^
        self.scope, self.receive, self.send
        ^^^^^^^^^^^^^^^^^^^^^^^^^^^^^^^^^^^
    )
    ^
  File "D:\Delhi Protest\backend\.venv\Lib\site-packages\uvicorn\middleware\proxy_headers.py", line 70, in __call__
    return await self.app(scope, receive, send)
           ^^^^^^^^^^^^^^^^^^^^^^^^^^^^^^^^^^^^
  File "D:\Delhi Protest\backend\.venv\Lib\site-packages\fastapi\applications.py", line 1054, in __call__
    await super().__call__(scope, receive, send)
  File "D:\Delhi Protest\backend\.venv\Lib\site-packages\starlette\applications.py", line 123, in __call__
    await self.middleware_stack(scope, receive, send)
  File "D:\Delhi Protest\backend\.venv\Lib\site-packages\starlette\middleware\errors.py", line 186, in __call__
    raise exc
  File "D:\Delhi Protest\backend\.venv\Lib\site-packages\starlette\middleware\errors.py", line 164, in __call__
    await self.app(scope, receive, _send)
  File "D:\Delhi Protest\backend\.venv\Lib\site-packages\starlette\middleware\cors.py", line 85, in __call__
    await self.app(scope, receive, send)
  File "D:\Delhi Protest\backend\.venv\Lib\site-packages\starlette\middleware\exceptions.py", line 65, in __call__
    await wrap_app_handling_exceptions(self.app, conn)(scope, receive, send)
  File "D:\Delhi Protest\backend\.venv\Lib\site-packages\starlette\_exception_handler.py", line 64, in wrapped_app
    raise exc
  File "D:\Delhi Protest\backend\.venv\Lib\site-packages\starlette\_exception_handler.py", line 53, in wrapped_app
    await app(scope, receive, sender)
  File "D:\Delhi Protest\backend\.venv\Lib\site-packages\starlette\routing.py", line 756, in __call__
    await self.middleware_stack(scope, receive, send)
  File "D:\Delhi Protest\backend\.venv\Lib\site-packages\starlette\routing.py", line 776, in app
    await route.handle(scope, receive, send)
  File "D:\Delhi Protest\backend\.venv\Lib\site-packages\starlette\routing.py", line 297, in handle
    await self.app(scope, receive, send)
  File "D:\Delhi Protest\backend\.venv\Lib\site-packages\starlette\routing.py", line 77, in app
    await wrap_app_handling_exceptions(app, request)(scope, receive, send)
  File "D:\Delhi Protest\backend\.venv\Lib\site-packages\starlette\_exception_handler.py", line 64, in wrapped_app
    raise exc
  File "D:\Delhi Protest\backend\.venv\Lib\site-packages\starlette\_exception_handler.py", line 53, in wrapped_app
    await app(scope, receive, sender)
  File "D:\Delhi Protest\backend\.venv\Lib\site-packages\starlette\routing.py", line 72, in app
    response = await func(request)
               ^^^^^^^^^^^^^^^^^^^
  File "D:\Delhi Protest\backend\.venv\Lib\site-packages\fastapi\routing.py", line 278, in app
    raw_response = await run_endpoint_function(
                   ^^^^^^^^^^^^^^^^^^^^^^^^^^^^
        dependant=dependant, values=values, is_coroutine=is_coroutine
        ^^^^^^^^^^^^^^^^^^^^^^^^^^^^^^^^^^^^^^^^^^^^^^^^^^^^^^^^^^^^^
    )
    ^
  File "D:\Delhi Protest\backend\.venv\Lib\site-packages\fastapi\routing.py", line 191, in run_endpoint_function
    return await dependant.call(**values)
           ^^^^^^^^^^^^^^^^^^^^^^^^^^^^^^
  File "D:\Delhi Protest\backend\app\routers\__init__.py", line 47, in list_articles
    result = await db.execute(
             ^^^^^^^^^^^^^^^^^
    ...<3 lines>...
    )
    ^
  File "D:\Delhi Protest\backend\.venv\Lib\site-packages\sqlalchemy\ext\asyncio\session.py", line 448, in execute
    result = await greenlet_spawn(
             ^^^^^^^^^^^^^^^^^^^^^
    ...<6 lines>...
    )
    ^
  File "D:\Delhi Protest\backend\.venv\Lib\site-packages\sqlalchemy\util\_concurrency_py3k.py", line 201, in greenlet_spawn
    result = context.throw(*sys.exc_info())
  File "D:\Delhi Protest\backend\.venv\Lib\site-packages\sqlalchemy\orm\session.py", line 2373, in execute
    return self._execute_internal(
           ~~~~~~~~~~~~~~~~~~~~~~^
        statement,
        ^^^^^^^^^^
    ...<4 lines>...
        _add_event=_add_event,
        ^^^^^^^^^^^^^^^^^^^^^^
    )
    ^
  File "D:\Delhi Protest\backend\.venv\Lib\site-packages\sqlalchemy\orm\session.py", line 2271, in _execute_internal
    result: Result[Any] = compile_state_cls.orm_execute_statement(
                          ~~~~~~~~~~~~~~~~~~~~~~~~~~~~~~~~~~~~~~~^
        self,
        ^^^^^
    ...<4 lines>...
        conn,
        ^^^^^
    )
    ^
  File "D:\Delhi Protest\backend\.venv\Lib\site-packages\sqlalchemy\orm\context.py", line 306, in orm_execute_statement
    result = conn.execute(
        statement, params or {}, execution_options=execution_options
    )
  File "D:\Delhi Protest\backend\.venv\Lib\site-packages\sqlalchemy\engine\base.py", line 1421, in execute
    return meth(
        self,
        distilled_parameters,
        execution_options or NO_OPTIONS,
    )
  File "D:\Delhi Protest\backend\.venv\Lib\site-packages\sqlalchemy\sql\elements.py", line 526, in _execute_on_connection
    return connection._execute_clauseelement(
           ~~~~~~~~~~~~~~~~~~~~~~~~~~~~~~~~~^
        self, distilled_params, execution_options
        ^^^^^^^^^^^^^^^^^^^^^^^^^^^^^^^^^^^^^^^^^
    )
    ^
  File "D:\Delhi Protest\backend\.venv\Lib\site-packages\sqlalchemy\engine\base.py", line 1643, in _execute_clauseelement
    ret = self._execute_context(
        dialect,
    ...<8 lines>...
        cache_hit=cache_hit,
    )
  File "D:\Delhi Protest\backend\.venv\Lib\site-packages\sqlalchemy\engine\base.py", line 1848, in _execute_context
    return self._exec_single_context(
           ~~~~~~~~~~~~~~~~~~~~~~~~~^
        dialect, context, statement, parameters
        ^^^^^^^^^^^^^^^^^^^^^^^^^^^^^^^^^^^^^^^
    )
    ^
  File "D:\Delhi Protest\backend\.venv\Lib\site-packages\sqlalchemy\engine\base.py", line 1988, in _exec_single_context
    self._handle_dbapi_exception(
    ~~~~~~~~~~~~~~~~~~~~~~~~~~~~^
        e, str_statement, effective_parameters, cursor, context
        ^^^^^^^^^^^^^^^^^^^^^^^^^^^^^^^^^^^^^^^^^^^^^^^^^^^^^^^
    )
    ^
  File "D:\Delhi Protest\backend\.venv\Lib\site-packages\sqlalchemy\engine\base.py", line 2365, in _handle_dbapi_exception
    raise sqlalchemy_exception.with_traceback(exc_info[2]) from e
  File "D:\Delhi Protest\backend\.venv\Lib\site-packages\sqlalchemy\engine\base.py", line 1969, in _exec_single_context
    self.dialect.do_execute(
    ~~~~~~~~~~~~~~~~~~~~~~~^
        cursor, str_statement, effective_parameters, context
        ^^^^^^^^^^^^^^^^^^^^^^^^^^^^^^^^^^^^^^^^^^^^^^^^^^^^
    )
    ^
  File "D:\Delhi Protest\backend\.venv\Lib\site-packages\sqlalchemy\engine\default.py", line 952, in do_execute
    cursor.execute(statement, parameters)
    ~~~~~~~~~~~~~~^^^^^^^^^^^^^^^^^^^^^^^
  File "D:\Delhi Protest\backend\.venv\Lib\site-packages\sqlalchemy\dialects\sqlite\aiosqlite.py", line 183, in execute
    self._adapt_connection._handle_exception(error)
    ~~~~~~~~~~~~~~~~~~~~~~~~~~~~~~~~~~~~~~~~^^^^^^^
  File "D:\Delhi Protest\backend\.venv\Lib\site-packages\sqlalchemy\dialects\sqlite\aiosqlite.py", line 343, in _handle_exception
    raise error
  File "D:\Delhi Protest\backend\.venv\Lib\site-packages\sqlalchemy\dialects\sqlite\aiosqlite.py", line 165, in execute
    self.await_(_cursor.execute(operation, parameters))
    ~~~~~~~~~~~^^^^^^^^^^^^^^^^^^^^^^^^^^^^^^^^^^^^^^^^
  File "D:\Delhi Protest\backend\.venv\Lib\site-packages\sqlalchemy\util\_concurrency_py3k.py", line 132, in await_only
    return current.parent.switch(awaitable)  # type: ignore[no-any-return,attr-defined] # noqa: E501
           ~~~~~~~~~~~~~~~~~~~~~^^^^^^^^^^^
  File "D:\Delhi Protest\backend\.venv\Lib\site-packages\sqlalchemy\util\_concurrency_py3k.py", line 196, in greenlet_spawn
    value = await result
            ^^^^^^^^^^^^
  File "D:\Delhi Protest\backend\.venv\Lib\site-packages\aiosqlite\cursor.py", line 40, in execute
    await self._execute(self._cursor.execute, sql, parameters)
  File "D:\Delhi Protest\backend\.venv\Lib\site-packages\aiosqlite\cursor.py", line 32, in _execute
    return await self._conn._execute(fn, *args, **kwargs)
           ^^^^^^^^^^^^^^^^^^^^^^^^^^^^^^^^^^^^^^^^^^^^^^
  File "D:\Delhi Protest\backend\.venv\Lib\site-packages\aiosqlite\core.py", line 160, in _execute
    return await future
           ^^^^^^^^^^^^
  File "D:\Delhi Protest\backend\.venv\Lib\site-packages\aiosqlite\core.py", line 63, in _connection_worker_thread
    result = function()
sqlalchemy.exc.OperationalError: (sqlite3.OperationalError) no such column: articles.image_url
[SQL: SELECT articles.id, articles.title, articles.slug, articles.summary, articles.content, articles.image_url, articles.category, articles.type, articles.is_published, articles.published_at, articles.last_updated, articles.perspective, articles.correction_history, articles.created_at, articles.updated_at 
FROM articles 
WHERE articles.is_published = 1 ORDER BY articles.published_at DESC]
(Background on this error at: https://sqlalche.me/e/20/e3q8)
INFO:     127.0.0.1:53235 - "GET /api/articles HTTP/1.1" 500 Internal Server Error
ERROR:    Exception in ASGI application
Traceback (most recent call last):
  File "D:\Delhi Protest\backend\.venv\Lib\site-packages\sqlalchemy\engine\base.py", line 1969, in _exec_single_context
    self.dialect.do_execute(
    ~~~~~~~~~~~~~~~~~~~~~~~^
        cursor, str_statement, effective_parameters, context
        ^^^^^^^^^^^^^^^^^^^^^^^^^^^^^^^^^^^^^^^^^^^^^^^^^^^^
    )
    ^
  File "D:\Delhi Protest\backend\.venv\Lib\site-packages\sqlalchemy\engine\default.py", line 952, in do_execute
    cursor.execute(statement, parameters)
    ~~~~~~~~~~~~~~^^^^^^^^^^^^^^^^^^^^^^^
  File "D:\Delhi Protest\backend\.venv\Lib\site-packages\sqlalchemy\dialects\sqlite\aiosqlite.py", line 183, in execute
    self._adapt_connection._handle_exception(error)
    ~~~~~~~~~~~~~~~~~~~~~~~~~~~~~~~~~~~~~~~~^^^^^^^
  File "D:\Delhi Protest\backend\.venv\Lib\site-packages\sqlalchemy\dialects\sqlite\aiosqlite.py", line 343, in _handle_exception
    raise error
  File "D:\Delhi Protest\backend\.venv\Lib\site-packages\sqlalchemy\dialects\sqlite\aiosqlite.py", line 165, in execute
    self.await_(_cursor.execute(operation, parameters))
    ~~~~~~~~~~~^^^^^^^^^^^^^^^^^^^^^^^^^^^^^^^^^^^^^^^^
  File "D:\Delhi Protest\backend\.venv\Lib\site-packages\sqlalchemy\util\_concurrency_py3k.py", line 132, in await_only
    return current.parent.switch(awaitable)  # type: ignore[no-any-return,attr-defined] # noqa: E501
           ~~~~~~~~~~~~~~~~~~~~~^^^^^^^^^^^
  File "D:\Delhi Protest\backend\.venv\Lib\site-packages\sqlalchemy\util\_concurrency_py3k.py", line 196, in greenlet_spawn
    value = await result
            ^^^^^^^^^^^^
  File "D:\Delhi Protest\backend\.venv\Lib\site-packages\aiosqlite\cursor.py", line 40, in execute
    await self._execute(self._cursor.execute, sql, parameters)
  File "D:\Delhi Protest\backend\.venv\Lib\site-packages\aiosqlite\cursor.py", line 32, in _execute
    return await self._conn._execute(fn, *args, **kwargs)
           ^^^^^^^^^^^^^^^^^^^^^^^^^^^^^^^^^^^^^^^^^^^^^^
  File "D:\Delhi Protest\backend\.venv\Lib\site-packages\aiosqlite\core.py", line 160, in _execute
    return await future
           ^^^^^^^^^^^^
  File "D:\Delhi Protest\backend\.venv\Lib\site-packages\aiosqlite\core.py", line 63, in _connection_worker_thread
    result = function()
sqlite3.OperationalError: no such column: articles.image_url

The above exception was the direct cause of the following exception:

Traceback (most recent call last):
  File "D:\Delhi Protest\backend\.venv\Lib\site-packages\uvicorn\protocols\http\httptools_impl.py", line 399, in run_asgi
    result = await app(  # type: ignore[func-returns-value]
             ^^^^^^^^^^^^^^^^^^^^^^^^^^^^^^^^^^^^^^^^^^^^^^
        self.scope, self.receive, self.send
        ^^^^^^^^^^^^^^^^^^^^^^^^^^^^^^^^^^^
    )
    ^
  File "D:\Delhi Protest\backend\.venv\Lib\site-packages\uvicorn\middleware\proxy_headers.py", line 70, in __call__
    return await self.app(scope, receive, send)
           ^^^^^^^^^^^^^^^^^^^^^^^^^^^^^^^^^^^^
  File "D:\Delhi Protest\backend\.venv\Lib\site-packages\fastapi\applications.py", line 1054, in __call__
    await super().__call__(scope, receive, send)
  File "D:\Delhi Protest\backend\.venv\Lib\site-packages\starlette\applications.py", line 123, in __call__
    await self.middleware_stack(scope, receive, send)
  File "D:\Delhi Protest\backend\.venv\Lib\site-packages\starlette\middleware\errors.py", line 186, in __call__
    raise exc
  File "D:\Delhi Protest\backend\.venv\Lib\site-packages\starlette\middleware\errors.py", line 164, in __call__
    await self.app(scope, receive, _send)
  File "D:\Delhi Protest\backend\.venv\Lib\site-packages\starlette\middleware\cors.py", line 85, in __call__
    await self.app(scope, receive, send)
  File "D:\Delhi Protest\backend\.venv\Lib\site-packages\starlette\middleware\exceptions.py", line 65, in __call__
    await wrap_app_handling_exceptions(self.app, conn)(scope, receive, send)
  File "D:\Delhi Protest\backend\.venv\Lib\site-packages\starlette\_exception_handler.py", line 64, in wrapped_app
    raise exc
  File "D:\Delhi Protest\backend\.venv\Lib\site-packages\starlette\_exception_handler.py", line 53, in wrapped_app
    await app(scope, receive, sender)
  File "D:\Delhi Protest\backend\.venv\Lib\site-packages\starlette\routing.py", line 756, in __call__
    await self.middleware_stack(scope, receive, send)
  File "D:\Delhi Protest\backend\.venv\Lib\site-packages\starlette\routing.py", line 776, in app
    await route.handle(scope, receive, send)
  File "D:\Delhi Protest\backend\.venv\Lib\site-packages\starlette\routing.py", line 297, in handle
    await self.app(scope, receive, send)
  File "D:\Delhi Protest\backend\.venv\Lib\site-packages\starlette\routing.py", line 77, in app
    await wrap_app_handling_exceptions(app, request)(scope, receive, send)
  File "D:\Delhi Protest\backend\.venv\Lib\site-packages\starlette\_exception_handler.py", line 64, in wrapped_app
    raise exc
  File "D:\Delhi Protest\backend\.venv\Lib\site-packages\starlette\_exception_handler.py", line 53, in wrapped_app
    await app(scope, receive, sender)
  File "D:\Delhi Protest\backend\.venv\Lib\site-packages\starlette\routing.py", line 72, in app
    response = await func(request)
               ^^^^^^^^^^^^^^^^^^^
  File "D:\Delhi Protest\backend\.venv\Lib\site-packages\fastapi\routing.py", line 278, in app
    raw_response = await run_endpoint_function(
                   ^^^^^^^^^^^^^^^^^^^^^^^^^^^^
        dependant=dependant, values=values, is_coroutine=is_coroutine
        ^^^^^^^^^^^^^^^^^^^^^^^^^^^^^^^^^^^^^^^^^^^^^^^^^^^^^^^^^^^^^
    )
    ^
  File "D:\Delhi Protest\backend\.venv\Lib\site-packages\fastapi\routing.py", line 191, in run_endpoint_function
    return await dependant.call(**values)
           ^^^^^^^^^^^^^^^^^^^^^^^^^^^^^^
  File "D:\Delhi Protest\backend\app\routers\__init__.py", line 47, in list_articles
    result = await db.execute(
             ^^^^^^^^^^^^^^^^^
    ...<3 lines>...
    )
    ^
  File "D:\Delhi Protest\backend\.venv\Lib\site-packages\sqlalchemy\ext\asyncio\session.py", line 448, in execute
    result = await greenlet_spawn(
             ^^^^^^^^^^^^^^^^^^^^^
    ...<6 lines>...
    )
    ^
  File "D:\Delhi Protest\backend\.venv\Lib\site-packages\sqlalchemy\util\_concurrency_py3k.py", line 201, in greenlet_spawn
    result = context.throw(*sys.exc_info())
  File "D:\Delhi Protest\backend\.venv\Lib\site-packages\sqlalchemy\orm\session.py", line 2373, in execute
    return self._execute_internal(
           ~~~~~~~~~~~~~~~~~~~~~~^
        statement,
        ^^^^^^^^^^
    ...<4 lines>...
        _add_event=_add_event,
        ^^^^^^^^^^^^^^^^^^^^^^
    )
    ^
  File "D:\Delhi Protest\backend\.venv\Lib\site-packages\sqlalchemy\orm\session.py", line 2271, in _execute_internal
    result: Result[Any] = compile_state_cls.orm_execute_statement(
                          ~~~~~~~~~~~~~~~~~~~~~~~~~~~~~~~~~~~~~~~^
        self,
        ^^^^^
    ...<4 lines>...
        conn,
        ^^^^^
    )
    ^
  File "D:\Delhi Protest\backend\.venv\Lib\site-packages\sqlalchemy\orm\context.py", line 306, in orm_execute_statement
    result = conn.execute(
        statement, params or {}, execution_options=execution_options
    )
  File "D:\Delhi Protest\backend\.venv\Lib\site-packages\sqlalchemy\engine\base.py", line 1421, in execute
    return meth(
        self,
        distilled_parameters,
        execution_options or NO_OPTIONS,
    )
  File "D:\Delhi Protest\backend\.venv\Lib\site-packages\sqlalchemy\sql\elements.py", line 526, in _execute_on_connection
    return connection._execute_clauseelement(
           ~~~~~~~~~~~~~~~~~~~~~~~~~~~~~~~~~^
        self, distilled_params, execution_options
        ^^^^^^^^^^^^^^^^^^^^^^^^^^^^^^^^^^^^^^^^^
    )
    ^
  File "D:\Delhi Protest\backend\.venv\Lib\site-packages\sqlalchemy\engine\base.py", line 1643, in _execute_clauseelement
    ret = self._execute_context(
        dialect,
    ...<8 lines>...
        cache_hit=cache_hit,
    )
  File "D:\Delhi Protest\backend\.venv\Lib\site-packages\sqlalchemy\engine\base.py", line 1848, in _execute_context
    return self._exec_single_context(
           ~~~~~~~~~~~~~~~~~~~~~~~~~^
        dialect, context, statement, parameters
        ^^^^^^^^^^^^^^^^^^^^^^^^^^^^^^^^^^^^^^^
    )
    ^
  File "D:\Delhi Protest\backend\.venv\Lib\site-packages\sqlalchemy\engine\base.py", line 1988, in _exec_single_context
    self._handle_dbapi_exception(
    ~~~~~~~~~~~~~~~~~~~~~~~~~~~~^
        e, str_statement, effective_parameters, cursor, context
        ^^^^^^^^^^^^^^^^^^^^^^^^^^^^^^^^^^^^^^^^^^^^^^^^^^^^^^^
    )
    ^
  File "D:\Delhi Protest\backend\.venv\Lib\site-packages\sqlalchemy\engine\base.py", line 2365, in _handle_dbapi_exception
    raise sqlalchemy_exception.with_traceback(exc_info[2]) from e
  File "D:\Delhi Protest\backend\.venv\Lib\site-packages\sqlalchemy\engine\base.py", line 1969, in _exec_single_context
    self.dialect.do_execute(
    ~~~~~~~~~~~~~~~~~~~~~~~^
        cursor, str_statement, effective_parameters, context
        ^^^^^^^^^^^^^^^^^^^^^^^^^^^^^^^^^^^^^^^^^^^^^^^^^^^^
    )
    ^
  File "D:\Delhi Protest\backend\.venv\Lib\site-packages\sqlalchemy\engine\default.py", line 952, in do_execute
    cursor.execute(statement, parameters)
    ~~~~~~~~~~~~~~^^^^^^^^^^^^^^^^^^^^^^^
  File "D:\Delhi Protest\backend\.venv\Lib\site-packages\sqlalchemy\dialects\sqlite\aiosqlite.py", line 183, in execute
    self._adapt_connection._handle_exception(error)
    ~~~~~~~~~~~~~~~~~~~~~~~~~~~~~~~~~~~~~~~~^^^^^^^
  File "D:\Delhi Protest\backend\.venv\Lib\site-packages\sqlalchemy\dialects\sqlite\aiosqlite.py", line 343, in _handle_exception
    raise error
  File "D:\Delhi Protest\backend\.venv\Lib\site-packages\sqlalchemy\dialects\sqlite\aiosqlite.py", line 165, in execute
    self.await_(_cursor.execute(operation, parameters))
    ~~~~~~~~~~~^^^^^^^^^^^^^^^^^^^^^^^^^^^^^^^^^^^^^^^^
  File "D:\Delhi Protest\backend\.venv\Lib\site-packages\sqlalchemy\util\_concurrency_py3k.py", line 132, in await_only
    return current.parent.switch(awaitable)  # type: ignore[no-any-return,attr-defined] # noqa: E501
           ~~~~~~~~~~~~~~~~~~~~~^^^^^^^^^^^
  File "D:\Delhi Protest\backend\.venv\Lib\site-packages\sqlalchemy\util\_concurrency_py3k.py", line 196, in greenlet_spawn
    value = await result
            ^^^^^^^^^^^^
  File "D:\Delhi Protest\backend\.venv\Lib\site-packages\aiosqlite\cursor.py", line 40, in execute
    await self._execute(self._cursor.execute, sql, parameters)
  File "D:\Delhi Protest\backend\.venv\Lib\site-packages\aiosqlite\cursor.py", line 32, in _execute
    return await self._conn._execute(fn, *args, **kwargs)
           ^^^^^^^^^^^^^^^^^^^^^^^^^^^^^^^^^^^^^^^^^^^^^^
  File "D:\Delhi Protest\backend\.venv\Lib\site-packages\aiosqlite\core.py", line 160, in _execute
    return await future
           ^^^^^^^^^^^^
  File "D:\Delhi Protest\backend\.venv\Lib\site-packages\aiosqlite\core.py", line 63, in _connection_worker_thread
    result = function()
sqlalchemy.exc.OperationalError: (sqlite3.OperationalError) no such column: articles.image_url
[SQL: SELECT articles.id, articles.title, articles.slug, articles.summary, articles.content, articles.image_url, articles.category, articles.type, articles.is_published, articles.published_at, articles.last_updated, articles.perspective, articles.correction_history, articles.created_at, articles.updated_at 
FROM articles 
WHERE articles.is_published = 1 ORDER BY articles.published_at DESC]
(Background on this error at: https://sqlalche.me/e/20/e3q8)
INFO:     127.0.0.1:61867 - "GET /api/articles HTTP/1.1" 200 OK
INFO:     127.0.0.1:61869 - "GET /api/timeline HTTP/1.1" 200 OK
INFO:     127.0.0.1:61871 - "GET /api/public-reactions HTTP/1.1" 200 OK
INFO:     127.0.0.1:61873 - "GET /api/statistics HTTP/1.1" 200 OK
INFO:     127.0.0.1:61890 - "POST /api/ingest HTTP/1.1" 200 OK
INFO:     127.0.0.1:53311 - "GET /api/documents HTTP/1.1" 200 OK
INFO:     127.0.0.1:53315 - "GET /api/public-reactions HTTP/1.1" 200 OK
INFO:     127.0.0.1:53312 - "GET /api/statistics HTTP/1.1" 200 OK
INFO:     127.0.0.1:53317 - "GET /api/timeline HTTP/1.1" 200 OK
INFO:     127.0.0.1:53307 - "GET /api/articles HTTP/1.1" 200 OK
INFO:     127.0.0.1:53310 - "GET /api/articles HTTP/1.1" 200 OK
INFO:     127.0.0.1:53313 - "GET /api/articles HTTP/1.1" 200 OK
INFO:     127.0.0.1:53319 - "GET /api/stories HTTP/1.1" 200 OK
INFO:     127.0.0.1:64092 - "GET /api/articles HTTP/1.1" 200 OK
INFO:     127.0.0.1:54544 - "GET /api/documents HTTP/1.1" 200 OK
INFO:     127.0.0.1:54545 - "GET /api/statistics HTTP/1.1" 200 OK
INFO:     127.0.0.1:59146 - "GET /api/articles/100/sources HTTP/1.1" 500 Internal Server Error
ERROR:    Exception in ASGI application
Traceback (most recent call last):
  File "D:\Delhi Protest\backend\.venv\Lib\site-packages\uvicorn\protocols\http\httptools_impl.py", line 399, in run_asgi
    result = await app(  # type: ignore[func-returns-value]
             ^^^^^^^^^^^^^^^^^^^^^^^^^^^^^^^^^^^^^^^^^^^^^^
        self.scope, self.receive, self.send
        ^^^^^^^^^^^^^^^^^^^^^^^^^^^^^^^^^^^
    )
    ^
  File "D:\Delhi Protest\backend\.venv\Lib\site-packages\uvicorn\middleware\proxy_headers.py", line 70, in __call__
    return await self.app(scope, receive, send)
           ^^^^^^^^^^^^^^^^^^^^^^^^^^^^^^^^^^^^
  File "D:\Delhi Protest\backend\.venv\Lib\site-packages\fastapi\applications.py", line 1054, in __call__
    await super().__call__(scope, receive, send)
  File "D:\Delhi Protest\backend\.venv\Lib\site-packages\starlette\applications.py", line 123, in __call__
    await self.middleware_stack(scope, receive, send)
  File "D:\Delhi Protest\backend\.venv\Lib\site-packages\starlette\middleware\errors.py", line 186, in __call__
    raise exc
  File "D:\Delhi Protest\backend\.venv\Lib\site-packages\starlette\middleware\errors.py", line 164, in __call__
    await self.app(scope, receive, _send)
  File "D:\Delhi Protest\backend\.venv\Lib\site-packages\starlette\middleware\cors.py", line 85, in __call__
    await self.app(scope, receive, send)
  File "D:\Delhi Protest\backend\.venv\Lib\site-packages\starlette\middleware\exceptions.py", line 65, in __call__
    await wrap_app_handling_exceptions(self.app, conn)(scope, receive, send)
  File "D:\Delhi Protest\backend\.venv\Lib\site-packages\starlette\_exception_handler.py", line 64, in wrapped_app
    raise exc
  File "D:\Delhi Protest\backend\.venv\Lib\site-packages\starlette\_exception_handler.py", line 53, in wrapped_app
    await app(scope, receive, sender)
  File "D:\Delhi Protest\backend\.venv\Lib\site-packages\starlette\routing.py", line 756, in __call__
    await self.middleware_stack(scope, receive, send)
  File "D:\Delhi Protest\backend\.venv\Lib\site-packages\starlette\routing.py", line 776, in app
    await route.handle(scope, receive, send)
  File "D:\Delhi Protest\backend\.venv\Lib\site-packages\starlette\routing.py", line 297, in handle
    await self.app(scope, receive, send)
  File "D:\Delhi Protest\backend\.venv\Lib\site-packages\starlette\routing.py", line 77, in app
    await wrap_app_handling_exceptions(app, request)(scope, receive, send)
  File "D:\Delhi Protest\backend\.venv\Lib\site-packages\starlette\_exception_handler.py", line 64, in wrapped_app
    raise exc
  File "D:\Delhi Protest\backend\.venv\Lib\site-packages\starlette\_exception_handler.py", line 53, in wrapped_app
    await app(scope, receive, sender)
  File "D:\Delhi Protest\backend\.venv\Lib\site-packages\starlette\routing.py", line 72, in app
    response = await func(request)
               ^^^^^^^^^^^^^^^^^^^
  File "D:\Delhi Protest\backend\.venv\Lib\site-packages\fastapi\routing.py", line 278, in app
    raw_response = await run_endpoint_function(
                   ^^^^^^^^^^^^^^^^^^^^^^^^^^^^
        dependant=dependant, values=values, is_coroutine=is_coroutine
        ^^^^^^^^^^^^^^^^^^^^^^^^^^^^^^^^^^^^^^^^^^^^^^^^^^^^^^^^^^^^^
    )
    ^
  File "D:\Delhi Protest\backend\.venv\Lib\site-packages\fastapi\routing.py", line 191, in run_endpoint_function
    return await dependant.call(**values)
           ^^^^^^^^^^^^^^^^^^^^^^^^^^^^^^
  File "D:\Delhi Protest\backend\app\routers\__init__.py", line 60, in get_article
    sources = article.sources
              ^^^^^^^^^^^^^^^
  File "D:\Delhi Protest\backend\.venv\Lib\site-packages\sqlalchemy\orm\attributes.py", line 569, in __get__
    return self.impl.get(state, dict_)  # type: ignore[no-any-return]
           ~~~~~~~~~~~~~^^^^^^^^^^^^^^
  File "D:\Delhi Protest\backend\.venv\Lib\site-packages\sqlalchemy\orm\attributes.py", line 1096, in get
    value = self._fire_loader_callables(state, key, passive)
  File "D:\Delhi Protest\backend\.venv\Lib\site-packages\sqlalchemy\orm\attributes.py", line 1131, in _fire_loader_callables
    return self.callable_(state, passive)
           ~~~~~~~~~~~~~~^^^^^^^^^^^^^^^^
  File "D:\Delhi Protest\backend\.venv\Lib\site-packages\sqlalchemy\orm\strategies.py", line 978, in _load_for_state
    return self._emit_lazyload(
           ~~~~~~~~~~~~~~~~~~~^
        session,
        ^^^^^^^^
    ...<7 lines>...
        execution_options,
        ^^^^^^^^^^^^^^^^^^
    )
    ^
  File "D:\Delhi Protest\backend\.venv\Lib\site-packages\sqlalchemy\orm\strategies.py", line 1141, in _emit_lazyload
    result = session.execute(
        stmt, params, execution_options=execution_options
    )
  File "D:\Delhi Protest\backend\.venv\Lib\site-packages\sqlalchemy\orm\session.py", line 2373, in execute
    return self._execute_internal(
           ~~~~~~~~~~~~~~~~~~~~~~^
        statement,
        ^^^^^^^^^^
    ...<4 lines>...
        _add_event=_add_event,
        ^^^^^^^^^^^^^^^^^^^^^^
    )
    ^
  File "D:\Delhi Protest\backend\.venv\Lib\site-packages\sqlalchemy\orm\session.py", line 2271, in _execute_internal
    result: Result[Any] = compile_state_cls.orm_execute_statement(
                          ~~~~~~~~~~~~~~~~~~~~~~~~~~~~~~~~~~~~~~~^
        self,
        ^^^^^
    ...<4 lines>...
        conn,
        ^^^^^
    )
    ^
  File "D:\Delhi Protest\backend\.venv\Lib\site-packages\sqlalchemy\orm\context.py", line 306, in orm_execute_statement
    result = conn.execute(
        statement, params or {}, execution_options=execution_options
    )
  File "D:\Delhi Protest\backend\.venv\Lib\site-packages\sqlalchemy\engine\base.py", line 1421, in execute
    return meth(
        self,
        distilled_parameters,
        execution_options or NO_OPTIONS,
    )
  File "D:\Delhi Protest\backend\.venv\Lib\site-packages\sqlalchemy\sql\elements.py", line 526, in _execute_on_connection
    return connection._execute_clauseelement(
           ~~~~~~~~~~~~~~~~~~~~~~~~~~~~~~~~~^
        self, distilled_params, execution_options
        ^^^^^^^^^^^^^^^^^^^^^^^^^^^^^^^^^^^^^^^^^
    )
    ^
  File "D:\Delhi Protest\backend\.venv\Lib\site-packages\sqlalchemy\engine\base.py", line 1643, in _execute_clauseelement
    ret = self._execute_context(
        dialect,
    ...<8 lines>...
        cache_hit=cache_hit,
    )
  File "D:\Delhi Protest\backend\.venv\Lib\site-packages\sqlalchemy\engine\base.py", line 1848, in _execute_context
    return self._exec_single_context(
           ~~~~~~~~~~~~~~~~~~~~~~~~~^
        dialect, context, statement, parameters
        ^^^^^^^^^^^^^^^^^^^^^^^^^^^^^^^^^^^^^^^
    )
    ^
  File "D:\Delhi Protest\backend\.venv\Lib\site-packages\sqlalchemy\engine\base.py", line 1988, in _exec_single_context
    self._handle_dbapi_exception(
    ~~~~~~~~~~~~~~~~~~~~~~~~~~~~^
        e, str_statement, effective_parameters, cursor, context
        ^^^^^^^^^^^^^^^^^^^^^^^^^^^^^^^^^^^^^^^^^^^^^^^^^^^^^^^
    )
    ^
  File "D:\Delhi Protest\backend\.venv\Lib\site-packages\sqlalchemy\engine\base.py", line 2368, in _handle_dbapi_exception
    raise exc_info[1].with_traceback(exc_info[2])
  File "D:\Delhi Protest\backend\.venv\Lib\site-packages\sqlalchemy\engine\base.py", line 1969, in _exec_single_context
    self.dialect.do_execute(
    ~~~~~~~~~~~~~~~~~~~~~~~^
        cursor, str_statement, effective_parameters, context
        ^^^^^^^^^^^^^^^^^^^^^^^^^^^^^^^^^^^^^^^^^^^^^^^^^^^^
    )
    ^
  File "D:\Delhi Protest\backend\.venv\Lib\site-packages\sqlalchemy\engine\default.py", line 952, in do_execute
    cursor.execute(statement, parameters)
    ~~~~~~~~~~~~~~^^^^^^^^^^^^^^^^^^^^^^^
  File "D:\Delhi Protest\backend\.venv\Lib\site-packages\sqlalchemy\dialects\sqlite\aiosqlite.py", line 183, in execute
    self._adapt_connection._handle_exception(error)
    ~~~~~~~~~~~~~~~~~~~~~~~~~~~~~~~~~~~~~~~~^^^^^^^
  File "D:\Delhi Protest\backend\.venv\Lib\site-packages\sqlalchemy\dialects\sqlite\aiosqlite.py", line 343, in _handle_exception
    raise error
  File "D:\Delhi Protest\backend\.venv\Lib\site-packages\sqlalchemy\dialects\sqlite\aiosqlite.py", line 160, in execute
    _cursor: AsyncIODBAPICursor = self.await_(self._connection.cursor())  # type: ignore[arg-type] # noqa: E501
                                  ~~~~~~~~~~~^^^^^^^^^^^^^^^^^^^^^^^^^^^
  File "D:\Delhi Protest\backend\.venv\Lib\site-packages\sqlalchemy\util\_concurrency_py3k.py", line 123, in await_only
    raise exc.MissingGreenlet(
    ...<2 lines>...
    )
sqlalchemy.exc.MissingGreenlet: greenlet_spawn has not been called; can't call await_only() here. Was IO attempted in an unexpected place? (Background on this error at: https://sqlalche.me/e/20/xd2s)
INFO:     127.0.0.1:59110 - "GET /api/articles/77/sources HTTP/1.1" 500 Internal Server Error
ERROR:    Exception in ASGI application
Traceback (most recent call last):
  File "D:\Delhi Protest\backend\.venv\Lib\site-packages\uvicorn\protocols\http\httptools_impl.py", line 399, in run_asgi
    result = await app(  # type: ignore[func-returns-value]
             ^^^^^^^^^^^^^^^^^^^^^^^^^^^^^^^^^^^^^^^^^^^^^^
        self.scope, self.receive, self.send
        ^^^^^^^^^^^^^^^^^^^^^^^^^^^^^^^^^^^
    )
    ^
  File "D:\Delhi Protest\backend\.venv\Lib\site-packages\uvicorn\middleware\proxy_headers.py", line 70, in __call__
    return await self.app(scope, receive, send)
           ^^^^^^^^^^^^^^^^^^^^^^^^^^^^^^^^^^^^
  File "D:\Delhi Protest\backend\.venv\Lib\site-packages\fastapi\applications.py", line 1054, in __call__
    await super().__call__(scope, receive, send)
  File "D:\Delhi Protest\backend\.venv\Lib\site-packages\starlette\applications.py", line 123, in __call__
    await self.middleware_stack(scope, receive, send)
  File "D:\Delhi Protest\backend\.venv\Lib\site-packages\starlette\middleware\errors.py", line 186, in __call__
    raise exc
  File "D:\Delhi Protest\backend\.venv\Lib\site-packages\starlette\middleware\errors.py", line 164, in __call__
    await self.app(scope, receive, _send)
  File "D:\Delhi Protest\backend\.venv\Lib\site-packages\starlette\middleware\cors.py", line 85, in __call__
    await self.app(scope, receive, send)
  File "D:\Delhi Protest\backend\.venv\Lib\site-packages\starlette\middleware\exceptions.py", line 65, in __call__
    await wrap_app_handling_exceptions(self.app, conn)(scope, receive, send)
  File "D:\Delhi Protest\backend\.venv\Lib\site-packages\starlette\_exception_handler.py", line 64, in wrapped_app
    raise exc
  File "D:\Delhi Protest\backend\.venv\Lib\site-packages\starlette\_exception_handler.py", line 53, in wrapped_app
    await app(scope, receive, sender)
  File "D:\Delhi Protest\backend\.venv\Lib\site-packages\starlette\routing.py", line 756, in __call__
    await self.middleware_stack(scope, receive, send)
  File "D:\Delhi Protest\backend\.venv\Lib\site-packages\starlette\routing.py", line 776, in app
    await route.handle(scope, receive, send)
  File "D:\Delhi Protest\backend\.venv\Lib\site-packages\starlette\routing.py", line 297, in handle
    await self.app(scope, receive, send)
  File "D:\Delhi Protest\backend\.venv\Lib\site-packages\starlette\routing.py", line 77, in app
    await wrap_app_handling_exceptions(app, request)(scope, receive, send)
  File "D:\Delhi Protest\backend\.venv\Lib\site-packages\starlette\_exception_handler.py", line 64, in wrapped_app
    raise exc
  File "D:\Delhi Protest\backend\.venv\Lib\site-packages\starlette\_exception_handler.py", line 53, in wrapped_app
    await app(scope, receive, sender)
  File "D:\Delhi Protest\backend\.venv\Lib\site-packages\starlette\routing.py", line 72, in app
    response = await func(request)
               ^^^^^^^^^^^^^^^^^^^
  File "D:\Delhi Protest\backend\.venv\Lib\site-packages\fastapi\routing.py", line 278, in app
    raw_response = await run_endpoint_function(
                   ^^^^^^^^^^^^^^^^^^^^^^^^^^^^
        dependant=dependant, values=values, is_coroutine=is_coroutine
        ^^^^^^^^^^^^^^^^^^^^^^^^^^^^^^^^^^^^^^^^^^^^^^^^^^^^^^^^^^^^^
    )
    ^
  File "D:\Delhi Protest\backend\.venv\Lib\site-packages\fastapi\routing.py", line 191, in run_endpoint_function
    return await dependant.call(**values)
           ^^^^^^^^^^^^^^^^^^^^^^^^^^^^^^
  File "D:\Delhi Protest\backend\app\routers\__init__.py", line 60, in get_article
    sources = article.sources
              ^^^^^^^^^^^^^^^
  File "D:\Delhi Protest\backend\.venv\Lib\site-packages\sqlalchemy\orm\attributes.py", line 569, in __get__
    return self.impl.get(state, dict_)  # type: ignore[no-any-return]
           ~~~~~~~~~~~~~^^^^^^^^^^^^^^
  File "D:\Delhi Protest\backend\.venv\Lib\site-packages\sqlalchemy\orm\attributes.py", line 1096, in get
    value = self._fire_loader_callables(state, key, passive)
  File "D:\Delhi Protest\backend\.venv\Lib\site-packages\sqlalchemy\orm\attributes.py", line 1131, in _fire_loader_callables
    return self.callable_(state, passive)
           ~~~~~~~~~~~~~~^^^^^^^^^^^^^^^^
  File "D:\Delhi Protest\backend\.venv\Lib\site-packages\sqlalchemy\orm\strategies.py", line 978, in _load_for_state
    return self._emit_lazyload(
           ~~~~~~~~~~~~~~~~~~~^
        session,
        ^^^^^^^^
    ...<7 lines>...
        execution_options,
        ^^^^^^^^^^^^^^^^^^
    )
    ^
  File "D:\Delhi Protest\backend\.venv\Lib\site-packages\sqlalchemy\orm\strategies.py", line 1141, in _emit_lazyload
    result = session.execute(
        stmt, params, execution_options=execution_options
    )
  File "D:\Delhi Protest\backend\.venv\Lib\site-packages\sqlalchemy\orm\session.py", line 2373, in execute
    return self._execute_internal(
           ~~~~~~~~~~~~~~~~~~~~~~^
        statement,
        ^^^^^^^^^^
    ...<4 lines>...
        _add_event=_add_event,
        ^^^^^^^^^^^^^^^^^^^^^^
    )
    ^
  File "D:\Delhi Protest\backend\.venv\Lib\site-packages\sqlalchemy\orm\session.py", line 2271, in _execute_internal
    result: Result[Any] = compile_state_cls.orm_execute_statement(
                          ~~~~~~~~~~~~~~~~~~~~~~~~~~~~~~~~~~~~~~~^
        self,
        ^^^^^
    ...<4 lines>...
        conn,
        ^^^^^
    )
    ^
  File "D:\Delhi Protest\backend\.venv\Lib\site-packages\sqlalchemy\orm\context.py", line 306, in orm_execute_statement
    result = conn.execute(
        statement, params or {}, execution_options=execution_options
    )
  File "D:\Delhi Protest\backend\.venv\Lib\site-packages\sqlalchemy\engine\base.py", line 1421, in execute
    return meth(
        self,
        distilled_parameters,
        execution_options or NO_OPTIONS,
    )
  File "D:\Delhi Protest\backend\.venv\Lib\site-packages\sqlalchemy\sql\elements.py", line 526, in _execute_on_connection
    return connection._execute_clauseelement(
           ~~~~~~~~~~~~~~~~~~~~~~~~~~~~~~~~~^
        self, distilled_params, execution_options
        ^^^^^^^^^^^^^^^^^^^^^^^^^^^^^^^^^^^^^^^^^
    )
    ^
  File "D:\Delhi Protest\backend\.venv\Lib\site-packages\sqlalchemy\engine\base.py", line 1643, in _execute_clauseelement
    ret = self._execute_context(
        dialect,
    ...<8 lines>...
        cache_hit=cache_hit,
    )
  File "D:\Delhi Protest\backend\.venv\Lib\site-packages\sqlalchemy\engine\base.py", line 1848, in _execute_context
    return self._exec_single_context(
           ~~~~~~~~~~~~~~~~~~~~~~~~~^
        dialect, context, statement, parameters
        ^^^^^^^^^^^^^^^^^^^^^^^^^^^^^^^^^^^^^^^
    )
    ^
  File "D:\Delhi Protest\backend\.venv\Lib\site-packages\sqlalchemy\engine\base.py", line 1988, in _exec_single_context
    self._handle_dbapi_exception(
    ~~~~~~~~~~~~~~~~~~~~~~~~~~~~^
        e, str_statement, effective_parameters, cursor, context
        ^^^^^^^^^^^^^^^^^^^^^^^^^^^^^^^^^^^^^^^^^^^^^^^^^^^^^^^
    )
    ^
  File "D:\Delhi Protest\backend\.venv\Lib\site-packages\sqlalchemy\engine\base.py", line 2368, in _handle_dbapi_exception
    raise exc_info[1].with_traceback(exc_info[2])
  File "D:\Delhi Protest\backend\.venv\Lib\site-packages\sqlalchemy\engine\base.py", line 1969, in _exec_single_context
    self.dialect.do_execute(
    ~~~~~~~~~~~~~~~~~~~~~~~^
        cursor, str_statement, effective_parameters, context
        ^^^^^^^^^^^^^^^^^^^^^^^^^^^^^^^^^^^^^^^^^^^^^^^^^^^^
    )
    ^
  File "D:\Delhi Protest\backend\.venv\Lib\site-packages\sqlalchemy\engine\default.py", line 952, in do_execute
    cursor.execute(statement, parameters)
    ~~~~~~~~~~~~~~^^^^^^^^^^^^^^^^^^^^^^^
  File "D:\Delhi Protest\backend\.venv\Lib\site-packages\sqlalchemy\dialects\sqlite\aiosqlite.py", line 183, in execute
    self._adapt_connection._handle_exception(error)
    ~~~~~~~~~~~~~~~~~~~~~~~~~~~~~~~~~~~~~~~~^^^^^^^
  File "D:\Delhi Protest\backend\.venv\Lib\site-packages\sqlalchemy\dialects\sqlite\aiosqlite.py", line 343, in _handle_exception
    raise error
  File "D:\Delhi Protest\backend\.venv\Lib\site-packages\sqlalchemy\dialects\sqlite\aiosqlite.py", line 160, in execute
    _cursor: AsyncIODBAPICursor = self.await_(self._connection.cursor())  # type: ignore[arg-type] # noqa: E501
                                  ~~~~~~~~~~~^^^^^^^^^^^^^^^^^^^^^^^^^^^
  File "D:\Delhi Protest\backend\.venv\Lib\site-packages\sqlalchemy\util\_concurrency_py3k.py", line 123, in await_only
    raise exc.MissingGreenlet(
    ...<2 lines>...
    )
sqlalchemy.exc.MissingGreenlet: greenlet_spawn has not been called; can't call await_only() here. Was IO attempted in an unexpected place? (Background on this error at: https://sqlalche.me/e/20/xd2s)
INFO:     127.0.0.1:60230 - "GET /api/public-reactions HTTP/1.1" 200 OK
INFO:     127.0.0.1:52947 - "GET /api/articles/6/sources HTTP/1.1" 500 Internal Server Error
ERROR:    Exception in ASGI application
Traceback (most recent call last):
  File "D:\Delhi Protest\backend\.venv\Lib\site-packages\uvicorn\protocols\http\httptools_impl.py", line 399, in run_asgi
    result = await app(  # type: ignore[func-returns-value]
             ^^^^^^^^^^^^^^^^^^^^^^^^^^^^^^^^^^^^^^^^^^^^^^
        self.scope, self.receive, self.send
        ^^^^^^^^^^^^^^^^^^^^^^^^^^^^^^^^^^^
    )
    ^
  File "D:\Delhi Protest\backend\.venv\Lib\site-packages\uvicorn\middleware\proxy_headers.py", line 70, in __call__
    return await self.app(scope, receive, send)
           ^^^^^^^^^^^^^^^^^^^^^^^^^^^^^^^^^^^^
  File "D:\Delhi Protest\backend\.venv\Lib\site-packages\fastapi\applications.py", line 1054, in __call__
    await super().__call__(scope, receive, send)
  File "D:\Delhi Protest\backend\.venv\Lib\site-packages\starlette\applications.py", line 123, in __call__
    await self.middleware_stack(scope, receive, send)
  File "D:\Delhi Protest\backend\.venv\Lib\site-packages\starlette\middleware\errors.py", line 186, in __call__
    raise exc
  File "D:\Delhi Protest\backend\.venv\Lib\site-packages\starlette\middleware\errors.py", line 164, in __call__
    await self.app(scope, receive, _send)
  File "D:\Delhi Protest\backend\.venv\Lib\site-packages\starlette\middleware\cors.py", line 85, in __call__
    await self.app(scope, receive, send)
  File "D:\Delhi Protest\backend\.venv\Lib\site-packages\starlette\middleware\exceptions.py", line 65, in __call__
    await wrap_app_handling_exceptions(self.app, conn)(scope, receive, send)
  File "D:\Delhi Protest\backend\.venv\Lib\site-packages\starlette\_exception_handler.py", line 64, in wrapped_app
    raise exc
  File "D:\Delhi Protest\backend\.venv\Lib\site-packages\starlette\_exception_handler.py", line 53, in wrapped_app
    await app(scope, receive, sender)
  File "D:\Delhi Protest\backend\.venv\Lib\site-packages\starlette\routing.py", line 756, in __call__
    await self.middleware_stack(scope, receive, send)
  File "D:\Delhi Protest\backend\.venv\Lib\site-packages\starlette\routing.py", line 776, in app
    await route.handle(scope, receive, send)
  File "D:\Delhi Protest\backend\.venv\Lib\site-packages\starlette\routing.py", line 297, in handle
    await self.app(scope, receive, send)
  File "D:\Delhi Protest\backend\.venv\Lib\site-packages\starlette\routing.py", line 77, in app
    await wrap_app_handling_exceptions(app, request)(scope, receive, send)
  File "D:\Delhi Protest\backend\.venv\Lib\site-packages\starlette\_exception_handler.py", line 64, in wrapped_app
    raise exc
  File "D:\Delhi Protest\backend\.venv\Lib\site-packages\starlette\_exception_handler.py", line 53, in wrapped_app
    await app(scope, receive, sender)
  File "D:\Delhi Protest\backend\.venv\Lib\site-packages\starlette\routing.py", line 72, in app
    response = await func(request)
               ^^^^^^^^^^^^^^^^^^^
  File "D:\Delhi Protest\backend\.venv\Lib\site-packages\fastapi\routing.py", line 278, in app
    raw_response = await run_endpoint_function(
                   ^^^^^^^^^^^^^^^^^^^^^^^^^^^^
        dependant=dependant, values=values, is_coroutine=is_coroutine
        ^^^^^^^^^^^^^^^^^^^^^^^^^^^^^^^^^^^^^^^^^^^^^^^^^^^^^^^^^^^^^
    )
    ^
  File "D:\Delhi Protest\backend\.venv\Lib\site-packages\fastapi\routing.py", line 191, in run_endpoint_function
    return await dependant.call(**values)
           ^^^^^^^^^^^^^^^^^^^^^^^^^^^^^^
  File "D:\Delhi Protest\backend\app\routers\__init__.py", line 60, in get_article
    sources = article.sources
              ^^^^^^^^^^^^^^^
  File "D:\Delhi Protest\backend\.venv\Lib\site-packages\sqlalchemy\orm\attributes.py", line 569, in __get__
    return self.impl.get(state, dict_)  # type: ignore[no-any-return]
           ~~~~~~~~~~~~~^^^^^^^^^^^^^^
  File "D:\Delhi Protest\backend\.venv\Lib\site-packages\sqlalchemy\orm\attributes.py", line 1096, in get
    value = self._fire_loader_callables(state, key, passive)
  File "D:\Delhi Protest\backend\.venv\Lib\site-packages\sqlalchemy\orm\attributes.py", line 1131, in _fire_loader_callables
    return self.callable_(state, passive)
           ~~~~~~~~~~~~~~^^^^^^^^^^^^^^^^
  File "D:\Delhi Protest\backend\.venv\Lib\site-packages\sqlalchemy\orm\strategies.py", line 978, in _load_for_state
    return self._emit_lazyload(
           ~~~~~~~~~~~~~~~~~~~^
        session,
        ^^^^^^^^
    ...<7 lines>...
        execution_options,
        ^^^^^^^^^^^^^^^^^^
    )
    ^
  File "D:\Delhi Protest\backend\.venv\Lib\site-packages\sqlalchemy\orm\strategies.py", line 1141, in _emit_lazyload
    result = session.execute(
        stmt, params, execution_options=execution_options
    )
  File "D:\Delhi Protest\backend\.venv\Lib\site-packages\sqlalchemy\orm\session.py", line 2373, in execute
    return self._execute_internal(
           ~~~~~~~~~~~~~~~~~~~~~~^
        statement,
        ^^^^^^^^^^
    ...<4 lines>...
        _add_event=_add_event,
        ^^^^^^^^^^^^^^^^^^^^^^
    )
    ^
  File "D:\Delhi Protest\backend\.venv\Lib\site-packages\sqlalchemy\orm\session.py", line 2271, in _execute_internal
    result: Result[Any] = compile_state_cls.orm_execute_statement(
                          ~~~~~~~~~~~~~~~~~~~~~~~~~~~~~~~~~~~~~~~^
        self,
        ^^^^^
    ...<4 lines>...
        conn,
        ^^^^^
    )
    ^
  File "D:\Delhi Protest\backend\.venv\Lib\site-packages\sqlalchemy\orm\context.py", line 306, in orm_execute_statement
    result = conn.execute(
        statement, params or {}, execution_options=execution_options
    )
  File "D:\Delhi Protest\backend\.venv\Lib\site-packages\sqlalchemy\engine\base.py", line 1421, in execute
    return meth(
        self,
        distilled_parameters,
        execution_options or NO_OPTIONS,
    )
  File "D:\Delhi Protest\backend\.venv\Lib\site-packages\sqlalchemy\sql\elements.py", line 526, in _execute_on_connection
    return connection._execute_clauseelement(
           ~~~~~~~~~~~~~~~~~~~~~~~~~~~~~~~~~^
        self, distilled_params, execution_options
        ^^^^^^^^^^^^^^^^^^^^^^^^^^^^^^^^^^^^^^^^^
    )
    ^
  File "D:\Delhi Protest\backend\.venv\Lib\site-packages\sqlalchemy\engine\base.py", line 1643, in _execute_clauseelement
    ret = self._execute_context(
        dialect,
    ...<8 lines>...
        cache_hit=cache_hit,
    )
  File "D:\Delhi Protest\backend\.venv\Lib\site-packages\sqlalchemy\engine\base.py", line 1848, in _execute_context
    return self._exec_single_context(
           ~~~~~~~~~~~~~~~~~~~~~~~~~^
        dialect, context, statement, parameters
        ^^^^^^^^^^^^^^^^^^^^^^^^^^^^^^^^^^^^^^^
    )
    ^
  File "D:\Delhi Protest\backend\.venv\Lib\site-packages\sqlalchemy\engine\base.py", line 1988, in _exec_single_context
    self._handle_dbapi_exception(
    ~~~~~~~~~~~~~~~~~~~~~~~~~~~~^
        e, str_statement, effective_parameters, cursor, context
        ^^^^^^^^^^^^^^^^^^^^^^^^^^^^^^^^^^^^^^^^^^^^^^^^^^^^^^^
    )
    ^
  File "D:\Delhi Protest\backend\.venv\Lib\site-packages\sqlalchemy\engine\base.py", line 2368, in _handle_dbapi_exception
    raise exc_info[1].with_traceback(exc_info[2])
  File "D:\Delhi Protest\backend\.venv\Lib\site-packages\sqlalchemy\engine\base.py", line 1969, in _exec_single_context
    self.dialect.do_execute(
    ~~~~~~~~~~~~~~~~~~~~~~~^
        cursor, str_statement, effective_parameters, context
        ^^^^^^^^^^^^^^^^^^^^^^^^^^^^^^^^^^^^^^^^^^^^^^^^^^^^
    )
    ^
  File "D:\Delhi Protest\backend\.venv\Lib\site-packages\sqlalchemy\engine\default.py", line 952, in do_execute
    cursor.execute(statement, parameters)
    ~~~~~~~~~~~~~~^^^^^^^^^^^^^^^^^^^^^^^
  File "D:\Delhi Protest\backend\.venv\Lib\site-packages\sqlalchemy\dialects\sqlite\aiosqlite.py", line 183, in execute
    self._adapt_connection._handle_exception(error)
    ~~~~~~~~~~~~~~~~~~~~~~~~~~~~~~~~~~~~~~~~^^^^^^^
  File "D:\Delhi Protest\backend\.venv\Lib\site-packages\sqlalchemy\dialects\sqlite\aiosqlite.py", line 343, in _handle_exception
    raise error
  File "D:\Delhi Protest\backend\.venv\Lib\site-packages\sqlalchemy\dialects\sqlite\aiosqlite.py", line 160, in execute
    _cursor: AsyncIODBAPICursor = self.await_(self._connection.cursor())  # type: ignore[arg-type] # noqa: E501
                                  ~~~~~~~~~~~^^^^^^^^^^^^^^^^^^^^^^^^^^^
  File "D:\Delhi Protest\backend\.venv\Lib\site-packages\sqlalchemy\util\_concurrency_py3k.py", line 123, in await_only
    raise exc.MissingGreenlet(
    ...<2 lines>...
    )
sqlalchemy.exc.MissingGreenlet: greenlet_spawn has not been called; can't call await_only() here. Was IO attempted in an unexpected place? (Background on this error at: https://sqlalche.me/e/20/xd2s)
INFO:     127.0.0.1:52949 - "GET /api/articles/40/sources HTTP/1.1" 500 Internal Server Error
ERROR:    Exception in ASGI application
Traceback (most recent call last):
  File "D:\Delhi Protest\backend\.venv\Lib\site-packages\uvicorn\protocols\http\httptools_impl.py", line 399, in run_asgi
    result = await app(  # type: ignore[func-returns-value]
             ^^^^^^^^^^^^^^^^^^^^^^^^^^^^^^^^^^^^^^^^^^^^^^
        self.scope, self.receive, self.send
        ^^^^^^^^^^^^^^^^^^^^^^^^^^^^^^^^^^^
    )
    ^
  File "D:\Delhi Protest\backend\.venv\Lib\site-packages\uvicorn\middleware\proxy_headers.py", line 70, in __call__
    return await self.app(scope, receive, send)
           ^^^^^^^^^^^^^^^^^^^^^^^^^^^^^^^^^^^^
  File "D:\Delhi Protest\backend\.venv\Lib\site-packages\fastapi\applications.py", line 1054, in __call__
    await super().__call__(scope, receive, send)
  File "D:\Delhi Protest\backend\.venv\Lib\site-packages\starlette\applications.py", line 123, in __call__
    await self.middleware_stack(scope, receive, send)
  File "D:\Delhi Protest\backend\.venv\Lib\site-packages\starlette\middleware\errors.py", line 186, in __call__
    raise exc
  File "D:\Delhi Protest\backend\.venv\Lib\site-packages\starlette\middleware\errors.py", line 164, in __call__
    await self.app(scope, receive, _send)
  File "D:\Delhi Protest\backend\.venv\Lib\site-packages\starlette\middleware\cors.py", line 85, in __call__
    await self.app(scope, receive, send)
  File "D:\Delhi Protest\backend\.venv\Lib\site-packages\starlette\middleware\exceptions.py", line 65, in __call__
    await wrap_app_handling_exceptions(self.app, conn)(scope, receive, send)
  File "D:\Delhi Protest\backend\.venv\Lib\site-packages\starlette\_exception_handler.py", line 64, in wrapped_app
    raise exc
  File "D:\Delhi Protest\backend\.venv\Lib\site-packages\starlette\_exception_handler.py", line 53, in wrapped_app
    await app(scope, receive, sender)
  File "D:\Delhi Protest\backend\.venv\Lib\site-packages\starlette\routing.py", line 756, in __call__
    await self.middleware_stack(scope, receive, send)
  File "D:\Delhi Protest\backend\.venv\Lib\site-packages\starlette\routing.py", line 776, in app
    await route.handle(scope, receive, send)
  File "D:\Delhi Protest\backend\.venv\Lib\site-packages\starlette\routing.py", line 297, in handle
    await self.app(scope, receive, send)
  File "D:\Delhi Protest\backend\.venv\Lib\site-packages\starlette\routing.py", line 77, in app
    await wrap_app_handling_exceptions(app, request)(scope, receive, send)
  File "D:\Delhi Protest\backend\.venv\Lib\site-packages\starlette\_exception_handler.py", line 64, in wrapped_app
    raise exc
  File "D:\Delhi Protest\backend\.venv\Lib\site-packages\starlette\_exception_handler.py", line 53, in wrapped_app
    await app(scope, receive, sender)
  File "D:\Delhi Protest\backend\.venv\Lib\site-packages\starlette\routing.py", line 72, in app
    response = await func(request)
               ^^^^^^^^^^^^^^^^^^^
  File "D:\Delhi Protest\backend\.venv\Lib\site-packages\fastapi\routing.py", line 278, in app
    raw_response = await run_endpoint_function(
                   ^^^^^^^^^^^^^^^^^^^^^^^^^^^^
        dependant=dependant, values=values, is_coroutine=is_coroutine
        ^^^^^^^^^^^^^^^^^^^^^^^^^^^^^^^^^^^^^^^^^^^^^^^^^^^^^^^^^^^^^
    )
    ^
  File "D:\Delhi Protest\backend\.venv\Lib\site-packages\fastapi\routing.py", line 191, in run_endpoint_function
    return await dependant.call(**values)
           ^^^^^^^^^^^^^^^^^^^^^^^^^^^^^^
  File "D:\Delhi Protest\backend\app\routers\__init__.py", line 60, in get_article
    sources = article.sources
              ^^^^^^^^^^^^^^^
  File "D:\Delhi Protest\backend\.venv\Lib\site-packages\sqlalchemy\orm\attributes.py", line 569, in __get__
    return self.impl.get(state, dict_)  # type: ignore[no-any-return]
           ~~~~~~~~~~~~~^^^^^^^^^^^^^^
  File "D:\Delhi Protest\backend\.venv\Lib\site-packages\sqlalchemy\orm\attributes.py", line 1096, in get
    value = self._fire_loader_callables(state, key, passive)
  File "D:\Delhi Protest\backend\.venv\Lib\site-packages\sqlalchemy\orm\attributes.py", line 1131, in _fire_loader_callables
    return self.callable_(state, passive)
           ~~~~~~~~~~~~~~^^^^^^^^^^^^^^^^
  File "D:\Delhi Protest\backend\.venv\Lib\site-packages\sqlalchemy\orm\strategies.py", line 978, in _load_for_state
    return self._emit_lazyload(
           ~~~~~~~~~~~~~~~~~~~^
        session,
        ^^^^^^^^
    ...<7 lines>...
        execution_options,
        ^^^^^^^^^^^^^^^^^^
    )
    ^
  File "D:\Delhi Protest\backend\.venv\Lib\site-packages\sqlalchemy\orm\strategies.py", line 1141, in _emit_lazyload
    result = session.execute(
        stmt, params, execution_options=execution_options
    )
  File "D:\Delhi Protest\backend\.venv\Lib\site-packages\sqlalchemy\orm\session.py", line 2373, in execute
    return self._execute_internal(
           ~~~~~~~~~~~~~~~~~~~~~~^
        statement,
        ^^^^^^^^^^
    ...<4 lines>...
        _add_event=_add_event,
        ^^^^^^^^^^^^^^^^^^^^^^
    )
    ^
  File "D:\Delhi Protest\backend\.venv\Lib\site-packages\sqlalchemy\orm\session.py", line 2271, in _execute_internal
    result: Result[Any] = compile_state_cls.orm_execute_statement(
                          ~~~~~~~~~~~~~~~~~~~~~~~~~~~~~~~~~~~~~~~^
        self,
        ^^^^^
    ...<4 lines>...
        conn,
        ^^^^^
    )
    ^
  File "D:\Delhi Protest\backend\.venv\Lib\site-packages\sqlalchemy\orm\context.py", line 306, in orm_execute_statement
    result = conn.execute(
        statement, params or {}, execution_options=execution_options
    )
  File "D:\Delhi Protest\backend\.venv\Lib\site-packages\sqlalchemy\engine\base.py", line 1421, in execute
    return meth(
        self,
        distilled_parameters,
        execution_options or NO_OPTIONS,
    )
  File "D:\Delhi Protest\backend\.venv\Lib\site-packages\sqlalchemy\sql\elements.py", line 526, in _execute_on_connection
    return connection._execute_clauseelement(
           ~~~~~~~~~~~~~~~~~~~~~~~~~~~~~~~~~^
        self, distilled_params, execution_options
        ^^^^^^^^^^^^^^^^^^^^^^^^^^^^^^^^^^^^^^^^^
    )
    ^
  File "D:\Delhi Protest\backend\.venv\Lib\site-packages\sqlalchemy\engine\base.py", line 1643, in _execute_clauseelement
    ret = self._execute_context(
        dialect,
    ...<8 lines>...
        cache_hit=cache_hit,
    )
  File "D:\Delhi Protest\backend\.venv\Lib\site-packages\sqlalchemy\engine\base.py", line 1848, in _execute_context
    return self._exec_single_context(
           ~~~~~~~~~~~~~~~~~~~~~~~~~^
        dialect, context, statement, parameters
        ^^^^^^^^^^^^^^^^^^^^^^^^^^^^^^^^^^^^^^^
    )
    ^
  File "D:\Delhi Protest\backend\.venv\Lib\site-packages\sqlalchemy\engine\base.py", line 1988, in _exec_single_context
    self._handle_dbapi_exception(
    ~~~~~~~~~~~~~~~~~~~~~~~~~~~~^
        e, str_statement, effective_parameters, cursor, context
        ^^^^^^^^^^^^^^^^^^^^^^^^^^^^^^^^^^^^^^^^^^^^^^^^^^^^^^^
    )
    ^
  File "D:\Delhi Protest\backend\.venv\Lib\site-packages\sqlalchemy\engine\base.py", line 2368, in _handle_dbapi_exception
    raise exc_info[1].with_traceback(exc_info[2])
  File "D:\Delhi Protest\backend\.venv\Lib\site-packages\sqlalchemy\engine\base.py", line 1969, in _exec_single_context
    self.dialect.do_execute(
    ~~~~~~~~~~~~~~~~~~~~~~~^
        cursor, str_statement, effective_parameters, context
        ^^^^^^^^^^^^^^^^^^^^^^^^^^^^^^^^^^^^^^^^^^^^^^^^^^^^
    )
    ^
  File "D:\Delhi Protest\backend\.venv\Lib\site-packages\sqlalchemy\engine\default.py", line 952, in do_execute
    cursor.execute(statement, parameters)
    ~~~~~~~~~~~~~~^^^^^^^^^^^^^^^^^^^^^^^
  File "D:\Delhi Protest\backend\.venv\Lib\site-packages\sqlalchemy\dialects\sqlite\aiosqlite.py", line 183, in execute
    self._adapt_connection._handle_exception(error)
    ~~~~~~~~~~~~~~~~~~~~~~~~~~~~~~~~~~~~~~~~^^^^^^^
  File "D:\Delhi Protest\backend\.venv\Lib\site-packages\sqlalchemy\dialects\sqlite\aiosqlite.py", line 343, in _handle_exception
    raise error
  File "D:\Delhi Protest\backend\.venv\Lib\site-packages\sqlalchemy\dialects\sqlite\aiosqlite.py", line 160, in execute
    _cursor: AsyncIODBAPICursor = self.await_(self._connection.cursor())  # type: ignore[arg-type] # noqa: E501
                                  ~~~~~~~~~~~^^^^^^^^^^^^^^^^^^^^^^^^^^^
  File "D:\Delhi Protest\backend\.venv\Lib\site-packages\sqlalchemy\util\_concurrency_py3k.py", line 123, in await_only
    raise exc.MissingGreenlet(
    ...<2 lines>...
    )
sqlalchemy.exc.MissingGreenlet: greenlet_spawn has not been called; can't call await_only() here. Was IO attempted in an unexpected place? (Background on this error at: https://sqlalche.me/e/20/xd2s)
INFO:     127.0.0.1:58499 - "GET /api/timeline HTTP/1.1" 200 OK
INFO:     127.0.0.1:55583 - "GET /api/articles HTTP/1.1" 200 OK
INFO:     127.0.0.1:55585 - "GET /api/documents HTTP/1.1" 200 OK
INFO:     127.0.0.1:55584 - "GET /api/statistics HTTP/1.1" 200 OK
INFO:     127.0.0.1:64590 - "GET /api/articles/77/sources HTTP/1.1" 500 Internal Server Error
ERROR:    Exception in ASGI application
Traceback (most recent call last):
  File "D:\Delhi Protest\backend\.venv\Lib\site-packages\uvicorn\protocols\http\httptools_impl.py", line 399, in run_asgi
    result = await app(  # type: ignore[func-returns-value]
             ^^^^^^^^^^^^^^^^^^^^^^^^^^^^^^^^^^^^^^^^^^^^^^
        self.scope, self.receive, self.send
        ^^^^^^^^^^^^^^^^^^^^^^^^^^^^^^^^^^^
    )
    ^
  File "D:\Delhi Protest\backend\.venv\Lib\site-packages\uvicorn\middleware\proxy_headers.py", line 70, in __call__
    return await self.app(scope, receive, send)
           ^^^^^^^^^^^^^^^^^^^^^^^^^^^^^^^^^^^^
  File "D:\Delhi Protest\backend\.venv\Lib\site-packages\fastapi\applications.py", line 1054, in __call__
    await super().__call__(scope, receive, send)
  File "D:\Delhi Protest\backend\.venv\Lib\site-packages\starlette\applications.py", line 123, in __call__
    await self.middleware_stack(scope, receive, send)
  File "D:\Delhi Protest\backend\.venv\Lib\site-packages\starlette\middleware\errors.py", line 186, in __call__
    raise exc
  File "D:\Delhi Protest\backend\.venv\Lib\site-packages\starlette\middleware\errors.py", line 164, in __call__
    await self.app(scope, receive, _send)
  File "D:\Delhi Protest\backend\.venv\Lib\site-packages\starlette\middleware\cors.py", line 85, in __call__
    await self.app(scope, receive, send)
  File "D:\Delhi Protest\backend\.venv\Lib\site-packages\starlette\middleware\exceptions.py", line 65, in __call__
    await wrap_app_handling_exceptions(self.app, conn)(scope, receive, send)
  File "D:\Delhi Protest\backend\.venv\Lib\site-packages\starlette\_exception_handler.py", line 64, in wrapped_app
    raise exc
  File "D:\Delhi Protest\backend\.venv\Lib\site-packages\starlette\_exception_handler.py", line 53, in wrapped_app
    await app(scope, receive, sender)
  File "D:\Delhi Protest\backend\.venv\Lib\site-packages\starlette\routing.py", line 756, in __call__
    await self.middleware_stack(scope, receive, send)
  File "D:\Delhi Protest\backend\.venv\Lib\site-packages\starlette\routing.py", line 776, in app
    await route.handle(scope, receive, send)
  File "D:\Delhi Protest\backend\.venv\Lib\site-packages\starlette\routing.py", line 297, in handle
    await self.app(scope, receive, send)
  File "D:\Delhi Protest\backend\.venv\Lib\site-packages\starlette\routing.py", line 77, in app
    await wrap_app_handling_exceptions(app, request)(scope, receive, send)
  File "D:\Delhi Protest\backend\.venv\Lib\site-packages\starlette\_exception_handler.py", line 64, in wrapped_app
    raise exc
  File "D:\Delhi Protest\backend\.venv\Lib\site-packages\starlette\_exception_handler.py", line 53, in wrapped_app
    await app(scope, receive, sender)
  File "D:\Delhi Protest\backend\.venv\Lib\site-packages\starlette\routing.py", line 72, in app
    response = await func(request)
               ^^^^^^^^^^^^^^^^^^^
  File "D:\Delhi Protest\backend\.venv\Lib\site-packages\fastapi\routing.py", line 278, in app
    raw_response = await run_endpoint_function(
                   ^^^^^^^^^^^^^^^^^^^^^^^^^^^^
        dependant=dependant, values=values, is_coroutine=is_coroutine
        ^^^^^^^^^^^^^^^^^^^^^^^^^^^^^^^^^^^^^^^^^^^^^^^^^^^^^^^^^^^^^
    )
    ^
  File "D:\Delhi Protest\backend\.venv\Lib\site-packages\fastapi\routing.py", line 191, in run_endpoint_function
    return await dependant.call(**values)
           ^^^^^^^^^^^^^^^^^^^^^^^^^^^^^^
  File "D:\Delhi Protest\backend\app\routers\__init__.py", line 60, in get_article
    select(Article)
          ^^^^^^^^^
  File "D:\Delhi Protest\backend\.venv\Lib\site-packages\sqlalchemy\orm\attributes.py", line 569, in __get__
    return self.impl.get(state, dict_)  # type: ignore[no-any-return]
           ~~~~~~~~~~~~~^^^^^^^^^^^^^^
  File "D:\Delhi Protest\backend\.venv\Lib\site-packages\sqlalchemy\orm\attributes.py", line 1096, in get
    value = self._fire_loader_callables(state, key, passive)
  File "D:\Delhi Protest\backend\.venv\Lib\site-packages\sqlalchemy\orm\attributes.py", line 1131, in _fire_loader_callables
    return self.callable_(state, passive)
           ~~~~~~~~~~~~~~^^^^^^^^^^^^^^^^
  File "D:\Delhi Protest\backend\.venv\Lib\site-packages\sqlalchemy\orm\strategies.py", line 978, in _load_for_state
    return self._emit_lazyload(
           ~~~~~~~~~~~~~~~~~~~^
        session,
        ^^^^^^^^
    ...<7 lines>...
        execution_options,
        ^^^^^^^^^^^^^^^^^^
    )
    ^
  File "D:\Delhi Protest\backend\.venv\Lib\site-packages\sqlalchemy\orm\strategies.py", line 1141, in _emit_lazyload
    result = session.execute(
        stmt, params, execution_options=execution_options
    )
  File "D:\Delhi Protest\backend\.venv\Lib\site-packages\sqlalchemy\orm\session.py", line 2373, in execute
    return self._execute_internal(
           ~~~~~~~~~~~~~~~~~~~~~~^
        statement,
        ^^^^^^^^^^
    ...<4 lines>...
        _add_event=_add_event,
        ^^^^^^^^^^^^^^^^^^^^^^
    )
    ^
  File "D:\Delhi Protest\backend\.venv\Lib\site-packages\sqlalchemy\orm\session.py", line 2271, in _execute_internal
    result: Result[Any] = compile_state_cls.orm_execute_statement(
                          ~~~~~~~~~~~~~~~~~~~~~~~~~~~~~~~~~~~~~~~^
        self,
        ^^^^^
    ...<4 lines>...
        conn,
        ^^^^^
    )
    ^
  File "D:\Delhi Protest\backend\.venv\Lib\site-packages\sqlalchemy\orm\context.py", line 306, in orm_execute_statement
    result = conn.execute(
        statement, params or {}, execution_options=execution_options
    )
  File "D:\Delhi Protest\backend\.venv\Lib\site-packages\sqlalchemy\engine\base.py", line 1421, in execute
    return meth(
        self,
        distilled_parameters,
        execution_options or NO_OPTIONS,
    )
  File "D:\Delhi Protest\backend\.venv\Lib\site-packages\sqlalchemy\sql\elements.py", line 526, in _execute_on_connection
    return connection._execute_clauseelement(
           ~~~~~~~~~~~~~~~~~~~~~~~~~~~~~~~~~^
        self, distilled_params, execution_options
        ^^^^^^^^^^^^^^^^^^^^^^^^^^^^^^^^^^^^^^^^^
    )
    ^
  File "D:\Delhi Protest\backend\.venv\Lib\site-packages\sqlalchemy\engine\base.py", line 1643, in _execute_clauseelement
    ret = self._execute_context(
        dialect,
    ...<8 lines>...
        cache_hit=cache_hit,
    )
  File "D:\Delhi Protest\backend\.venv\Lib\site-packages\sqlalchemy\engine\base.py", line 1848, in _execute_context
    return self._exec_single_context(
           ~~~~~~~~~~~~~~~~~~~~~~~~~^
        dialect, context, statement, parameters
        ^^^^^^^^^^^^^^^^^^^^^^^^^^^^^^^^^^^^^^^
    )
    ^
  File "D:\Delhi Protest\backend\.venv\Lib\site-packages\sqlalchemy\engine\base.py", line 1988, in _exec_single_context
    self._handle_dbapi_exception(
    ~~~~~~~~~~~~~~~~~~~~~~~~~~~~^
        e, str_statement, effective_parameters, cursor, context
        ^^^^^^^^^^^^^^^^^^^^^^^^^^^^^^^^^^^^^^^^^^^^^^^^^^^^^^^
    )
    ^
  File "D:\Delhi Protest\backend\.venv\Lib\site-packages\sqlalchemy\engine\base.py", line 2368, in _handle_dbapi_exception
    raise exc_info[1].with_traceback(exc_info[2])
  File "D:\Delhi Protest\backend\.venv\Lib\site-packages\sqlalchemy\engine\base.py", line 1969, in _exec_single_context
    self.dialect.do_execute(
    ~~~~~~~~~~~~~~~~~~~~~~~^
        cursor, str_statement, effective_parameters, context
        ^^^^^^^^^^^^^^^^^^^^^^^^^^^^^^^^^^^^^^^^^^^^^^^^^^^^
    )
    ^
  File "D:\Delhi Protest\backend\.venv\Lib\site-packages\sqlalchemy\engine\default.py", line 952, in do_execute
    cursor.execute(statement, parameters)
    ~~~~~~~~~~~~~~^^^^^^^^^^^^^^^^^^^^^^^
  File "D:\Delhi Protest\backend\.venv\Lib\site-packages\sqlalchemy\dialects\sqlite\aiosqlite.py", line 183, in execute
    self._adapt_connection._handle_exception(error)
    ~~~~~~~~~~~~~~~~~~~~~~~~~~~~~~~~~~~~~~~~^^^^^^^
  File "D:\Delhi Protest\backend\.venv\Lib\site-packages\sqlalchemy\dialects\sqlite\aiosqlite.py", line 343, in _handle_exception
    raise error
  File "D:\Delhi Protest\backend\.venv\Lib\site-packages\sqlalchemy\dialects\sqlite\aiosqlite.py", line 160, in execute
    _cursor: AsyncIODBAPICursor = self.await_(self._connection.cursor())  # type: ignore[arg-type] # noqa: E501
                                  ~~~~~~~~~~~^^^^^^^^^^^^^^^^^^^^^^^^^^^
  File "D:\Delhi Protest\backend\.venv\Lib\site-packages\sqlalchemy\util\_concurrency_py3k.py", line 123, in await_only
    raise exc.MissingGreenlet(
    ...<2 lines>...
    )
sqlalchemy.exc.MissingGreenlet: greenlet_spawn has not been called; can't call await_only() here. Was IO attempted in an unexpected place? (Background on this error at: https://sqlalche.me/e/20/xd2s)
INFO:     127.0.0.1:64593 - "GET /api/articles/49/sources HTTP/1.1" 500 Internal Server Error
ERROR:    Exception in ASGI application
Traceback (most recent call last):
  File "D:\Delhi Protest\backend\.venv\Lib\site-packages\uvicorn\protocols\http\httptools_impl.py", line 399, in run_asgi
    result = await app(  # type: ignore[func-returns-value]
             ^^^^^^^^^^^^^^^^^^^^^^^^^^^^^^^^^^^^^^^^^^^^^^
        self.scope, self.receive, self.send
        ^^^^^^^^^^^^^^^^^^^^^^^^^^^^^^^^^^^
    )
    ^
  File "D:\Delhi Protest\backend\.venv\Lib\site-packages\uvicorn\middleware\proxy_headers.py", line 70, in __call__
    return await self.app(scope, receive, send)
           ^^^^^^^^^^^^^^^^^^^^^^^^^^^^^^^^^^^^
  File "D:\Delhi Protest\backend\.venv\Lib\site-packages\fastapi\applications.py", line 1054, in __call__
    await super().__call__(scope, receive, send)
  File "D:\Delhi Protest\backend\.venv\Lib\site-packages\starlette\applications.py", line 123, in __call__
    await self.middleware_stack(scope, receive, send)
  File "D:\Delhi Protest\backend\.venv\Lib\site-packages\starlette\middleware\errors.py", line 186, in __call__
    raise exc
  File "D:\Delhi Protest\backend\.venv\Lib\site-packages\starlette\middleware\errors.py", line 164, in __call__
    await self.app(scope, receive, _send)
  File "D:\Delhi Protest\backend\.venv\Lib\site-packages\starlette\middleware\cors.py", line 85, in __call__
    await self.app(scope, receive, send)
  File "D:\Delhi Protest\backend\.venv\Lib\site-packages\starlette\middleware\exceptions.py", line 65, in __call__
    await wrap_app_handling_exceptions(self.app, conn)(scope, receive, send)
  File "D:\Delhi Protest\backend\.venv\Lib\site-packages\starlette\_exception_handler.py", line 64, in wrapped_app
    raise exc
  File "D:\Delhi Protest\backend\.venv\Lib\site-packages\starlette\_exception_handler.py", line 53, in wrapped_app
    await app(scope, receive, sender)
  File "D:\Delhi Protest\backend\.venv\Lib\site-packages\starlette\routing.py", line 756, in __call__
    await self.middleware_stack(scope, receive, send)
  File "D:\Delhi Protest\backend\.venv\Lib\site-packages\starlette\routing.py", line 776, in app
    await route.handle(scope, receive, send)
  File "D:\Delhi Protest\backend\.venv\Lib\site-packages\starlette\routing.py", line 297, in handle
    await self.app(scope, receive, send)
  File "D:\Delhi Protest\backend\.venv\Lib\site-packages\starlette\routing.py", line 77, in app
    await wrap_app_handling_exceptions(app, request)(scope, receive, send)
  File "D:\Delhi Protest\backend\.venv\Lib\site-packages\starlette\_exception_handler.py", line 64, in wrapped_app
    raise exc
  File "D:\Delhi Protest\backend\.venv\Lib\site-packages\starlette\_exception_handler.py", line 53, in wrapped_app
    await app(scope, receive, sender)
  File "D:\Delhi Protest\backend\.venv\Lib\site-packages\starlette\routing.py", line 72, in app
    response = await func(request)
               ^^^^^^^^^^^^^^^^^^^
  File "D:\Delhi Protest\backend\.venv\Lib\site-packages\fastapi\routing.py", line 278, in app
    raw_response = await run_endpoint_function(
                   ^^^^^^^^^^^^^^^^^^^^^^^^^^^^
        dependant=dependant, values=values, is_coroutine=is_coroutine
        ^^^^^^^^^^^^^^^^^^^^^^^^^^^^^^^^^^^^^^^^^^^^^^^^^^^^^^^^^^^^^
    )
    ^
  File "D:\Delhi Protest\backend\.venv\Lib\site-packages\fastapi\routing.py", line 191, in run_endpoint_function
    return await dependant.call(**values)
           ^^^^^^^^^^^^^^^^^^^^^^^^^^^^^^
  File "D:\Delhi Protest\backend\app\routers\__init__.py", line 60, in get_article
    select(Article)
          ^^^^^^^^^
  File "D:\Delhi Protest\backend\.venv\Lib\site-packages\sqlalchemy\orm\attributes.py", line 569, in __get__
    return self.impl.get(state, dict_)  # type: ignore[no-any-return]
           ~~~~~~~~~~~~~^^^^^^^^^^^^^^
  File "D:\Delhi Protest\backend\.venv\Lib\site-packages\sqlalchemy\orm\attributes.py", line 1096, in get
    value = self._fire_loader_callables(state, key, passive)
  File "D:\Delhi Protest\backend\.venv\Lib\site-packages\sqlalchemy\orm\attributes.py", line 1131, in _fire_loader_callables
    return self.callable_(state, passive)
           ~~~~~~~~~~~~~~^^^^^^^^^^^^^^^^
  File "D:\Delhi Protest\backend\.venv\Lib\site-packages\sqlalchemy\orm\strategies.py", line 978, in _load_for_state
    return self._emit_lazyload(
           ~~~~~~~~~~~~~~~~~~~^
        session,
        ^^^^^^^^
    ...<7 lines>...
        execution_options,
        ^^^^^^^^^^^^^^^^^^
    )
    ^
  File "D:\Delhi Protest\backend\.venv\Lib\site-packages\sqlalchemy\orm\strategies.py", line 1141, in _emit_lazyload
    result = session.execute(
        stmt, params, execution_options=execution_options
    )
  File "D:\Delhi Protest\backend\.venv\Lib\site-packages\sqlalchemy\orm\session.py", line 2373, in execute
    return self._execute_internal(
           ~~~~~~~~~~~~~~~~~~~~~~^
        statement,
        ^^^^^^^^^^
    ...<4 lines>...
        _add_event=_add_event,
        ^^^^^^^^^^^^^^^^^^^^^^
    )
    ^
  File "D:\Delhi Protest\backend\.venv\Lib\site-packages\sqlalchemy\orm\session.py", line 2271, in _execute_internal
    result: Result[Any] = compile_state_cls.orm_execute_statement(
                          ~~~~~~~~~~~~~~~~~~~~~~~~~~~~~~~~~~~~~~~^
        self,
        ^^^^^
    ...<4 lines>...
        conn,
        ^^^^^
    )
    ^
  File "D:\Delhi Protest\backend\.venv\Lib\site-packages\sqlalchemy\orm\context.py", line 306, in orm_execute_statement
    result = conn.execute(
        statement, params or {}, execution_options=execution_options
    )
  File "D:\Delhi Protest\backend\.venv\Lib\site-packages\sqlalchemy\engine\base.py", line 1421, in execute
    return meth(
        self,
        distilled_parameters,
        execution_options or NO_OPTIONS,
    )
  File "D:\Delhi Protest\backend\.venv\Lib\site-packages\sqlalchemy\sql\elements.py", line 526, in _execute_on_connection
    return connection._execute_clauseelement(
           ~~~~~~~~~~~~~~~~~~~~~~~~~~~~~~~~~^
        self, distilled_params, execution_options
        ^^^^^^^^^^^^^^^^^^^^^^^^^^^^^^^^^^^^^^^^^
    )
    ^
  File "D:\Delhi Protest\backend\.venv\Lib\site-packages\sqlalchemy\engine\base.py", line 1643, in _execute_clauseelement
    ret = self._execute_context(
        dialect,
    ...<8 lines>...
        cache_hit=cache_hit,
    )
  File "D:\Delhi Protest\backend\.venv\Lib\site-packages\sqlalchemy\engine\base.py", line 1848, in _execute_context
    return self._exec_single_context(
           ~~~~~~~~~~~~~~~~~~~~~~~~~^
        dialect, context, statement, parameters
        ^^^^^^^^^^^^^^^^^^^^^^^^^^^^^^^^^^^^^^^
    )
    ^
  File "D:\Delhi Protest\backend\.venv\Lib\site-packages\sqlalchemy\engine\base.py", line 1988, in _exec_single_context
    self._handle_dbapi_exception(
    ~~~~~~~~~~~~~~~~~~~~~~~~~~~~^
        e, str_statement, effective_parameters, cursor, context
        ^^^^^^^^^^^^^^^^^^^^^^^^^^^^^^^^^^^^^^^^^^^^^^^^^^^^^^^
    )
    ^
  File "D:\Delhi Protest\backend\.venv\Lib\site-packages\sqlalchemy\engine\base.py", line 2368, in _handle_dbapi_exception
    raise exc_info[1].with_traceback(exc_info[2])
  File "D:\Delhi Protest\backend\.venv\Lib\site-packages\sqlalchemy\engine\base.py", line 1969, in _exec_single_context
    self.dialect.do_execute(
    ~~~~~~~~~~~~~~~~~~~~~~~^
        cursor, str_statement, effective_parameters, context
        ^^^^^^^^^^^^^^^^^^^^^^^^^^^^^^^^^^^^^^^^^^^^^^^^^^^^
    )
    ^
  File "D:\Delhi Protest\backend\.venv\Lib\site-packages\sqlalchemy\engine\default.py", line 952, in do_execute
    cursor.execute(statement, parameters)
    ~~~~~~~~~~~~~~^^^^^^^^^^^^^^^^^^^^^^^
  File "D:\Delhi Protest\backend\.venv\Lib\site-packages\sqlalchemy\dialects\sqlite\aiosqlite.py", line 183, in execute
    self._adapt_connection._handle_exception(error)
    ~~~~~~~~~~~~~~~~~~~~~~~~~~~~~~~~~~~~~~~~^^^^^^^
  File "D:\Delhi Protest\backend\.venv\Lib\site-packages\sqlalchemy\dialects\sqlite\aiosqlite.py", line 343, in _handle_exception
    raise error
  File "D:\Delhi Protest\backend\.venv\Lib\site-packages\sqlalchemy\dialects\sqlite\aiosqlite.py", line 160, in execute
    _cursor: AsyncIODBAPICursor = self.await_(self._connection.cursor())  # type: ignore[arg-type] # noqa: E501
                                  ~~~~~~~~~~~^^^^^^^^^^^^^^^^^^^^^^^^^^^
  File "D:\Delhi Protest\backend\.venv\Lib\site-packages\sqlalchemy\util\_concurrency_py3k.py", line 123, in await_only
    raise exc.MissingGreenlet(
    ...<2 lines>...
    )
sqlalchemy.exc.MissingGreenlet: greenlet_spawn has not been called; can't call await_only() here. Was IO attempted in an unexpected place? (Background on this error at: https://sqlalche.me/e/20/xd2s)
INFO:     127.0.0.1:59308 - "GET /api/documents HTTP/1.1" 200 OK
INFO:     127.0.0.1:59306 - "GET /api/articles HTTP/1.1" 200 OK
INFO:     127.0.0.1:59307 - "GET /api/statistics HTTP/1.1" 200 OK
INFO:     127.0.0.1:55083 - "GET /api/articles/6/sources HTTP/1.1" 500 Internal Server Error
ERROR:    Exception in ASGI application
Traceback (most recent call last):
  File "D:\Delhi Protest\backend\.venv\Lib\site-packages\uvicorn\protocols\http\httptools_impl.py", line 399, in run_asgi
    result = await app(  # type: ignore[func-returns-value]
             ^^^^^^^^^^^^^^^^^^^^^^^^^^^^^^^^^^^^^^^^^^^^^^
        self.scope, self.receive, self.send
        ^^^^^^^^^^^^^^^^^^^^^^^^^^^^^^^^^^^
    )
    ^
  File "D:\Delhi Protest\backend\.venv\Lib\site-packages\uvicorn\middleware\proxy_headers.py", line 70, in __call__
    return await self.app(scope, receive, send)
           ^^^^^^^^^^^^^^^^^^^^^^^^^^^^^^^^^^^^
  File "D:\Delhi Protest\backend\.venv\Lib\site-packages\fastapi\applications.py", line 1054, in __call__
    await super().__call__(scope, receive, send)
  File "D:\Delhi Protest\backend\.venv\Lib\site-packages\starlette\applications.py", line 123, in __call__
    await self.middleware_stack(scope, receive, send)
  File "D:\Delhi Protest\backend\.venv\Lib\site-packages\starlette\middleware\errors.py", line 186, in __call__
    raise exc
  File "D:\Delhi Protest\backend\.venv\Lib\site-packages\starlette\middleware\errors.py", line 164, in __call__
    await self.app(scope, receive, _send)
  File "D:\Delhi Protest\backend\.venv\Lib\site-packages\starlette\middleware\cors.py", line 85, in __call__
    await self.app(scope, receive, send)
  File "D:\Delhi Protest\backend\.venv\Lib\site-packages\starlette\middleware\exceptions.py", line 65, in __call__
    await wrap_app_handling_exceptions(self.app, conn)(scope, receive, send)
  File "D:\Delhi Protest\backend\.venv\Lib\site-packages\starlette\_exception_handler.py", line 64, in wrapped_app
    raise exc
  File "D:\Delhi Protest\backend\.venv\Lib\site-packages\starlette\_exception_handler.py", line 53, in wrapped_app
    await app(scope, receive, sender)
  File "D:\Delhi Protest\backend\.venv\Lib\site-packages\starlette\routing.py", line 756, in __call__
    await self.middleware_stack(scope, receive, send)
  File "D:\Delhi Protest\backend\.venv\Lib\site-packages\starlette\routing.py", line 776, in app
    await route.handle(scope, receive, send)
  File "D:\Delhi Protest\backend\.venv\Lib\site-packages\starlette\routing.py", line 297, in handle
    await self.app(scope, receive, send)
  File "D:\Delhi Protest\backend\.venv\Lib\site-packages\starlette\routing.py", line 77, in app
    await wrap_app_handling_exceptions(app, request)(scope, receive, send)
  File "D:\Delhi Protest\backend\.venv\Lib\site-packages\starlette\_exception_handler.py", line 64, in wrapped_app
    raise exc
  File "D:\Delhi Protest\backend\.venv\Lib\site-packages\starlette\_exception_handler.py", line 53, in wrapped_app
    await app(scope, receive, sender)
  File "D:\Delhi Protest\backend\.venv\Lib\site-packages\starlette\routing.py", line 72, in app
    response = await func(request)
               ^^^^^^^^^^^^^^^^^^^
  File "D:\Delhi Protest\backend\.venv\Lib\site-packages\fastapi\routing.py", line 278, in app
    raw_response = await run_endpoint_function(
                   ^^^^^^^^^^^^^^^^^^^^^^^^^^^^
        dependant=dependant, values=values, is_coroutine=is_coroutine
        ^^^^^^^^^^^^^^^^^^^^^^^^^^^^^^^^^^^^^^^^^^^^^^^^^^^^^^^^^^^^^
    )
    ^
  File "D:\Delhi Protest\backend\.venv\Lib\site-packages\fastapi\routing.py", line 191, in run_endpoint_function
    return await dependant.call(**values)
           ^^^^^^^^^^^^^^^^^^^^^^^^^^^^^^
  File "D:\Delhi Protest\backend\app\routers\__init__.py", line 60, in get_article
    result = await db.execute(
              ^^^^^^^^^^^^^^^
  File "D:\Delhi Protest\backend\.venv\Lib\site-packages\sqlalchemy\orm\attributes.py", line 569, in __get__
    return self.impl.get(state, dict_)  # type: ignore[no-any-return]
           ~~~~~~~~~~~~~^^^^^^^^^^^^^^
  File "D:\Delhi Protest\backend\.venv\Lib\site-packages\sqlalchemy\orm\attributes.py", line 1096, in get
    value = self._fire_loader_callables(state, key, passive)
  File "D:\Delhi Protest\backend\.venv\Lib\site-packages\sqlalchemy\orm\attributes.py", line 1131, in _fire_loader_callables
    return self.callable_(state, passive)
           ~~~~~~~~~~~~~~^^^^^^^^^^^^^^^^
  File "D:\Delhi Protest\backend\.venv\Lib\site-packages\sqlalchemy\orm\strategies.py", line 978, in _load_for_state
    return self._emit_lazyload(
           ~~~~~~~~~~~~~~~~~~~^
        session,
        ^^^^^^^^
    ...<7 lines>...
        execution_options,
        ^^^^^^^^^^^^^^^^^^
    )
    ^
  File "D:\Delhi Protest\backend\.venv\Lib\site-packages\sqlalchemy\orm\strategies.py", line 1141, in _emit_lazyload
    result = session.execute(
        stmt, params, execution_options=execution_options
    )
  File "D:\Delhi Protest\backend\.venv\Lib\site-packages\sqlalchemy\orm\session.py", line 2373, in execute
    return self._execute_internal(
           ~~~~~~~~~~~~~~~~~~~~~~^
        statement,
        ^^^^^^^^^^
    ...<4 lines>...
        _add_event=_add_event,
        ^^^^^^^^^^^^^^^^^^^^^^
    )
    ^
  File "D:\Delhi Protest\backend\.venv\Lib\site-packages\sqlalchemy\orm\session.py", line 2271, in _execute_internal
    result: Result[Any] = compile_state_cls.orm_execute_statement(
                          ~~~~~~~~~~~~~~~~~~~~~~~~~~~~~~~~~~~~~~~^
        self,
        ^^^^^
    ...<4 lines>...
        conn,
        ^^^^^
    )
    ^
  File "D:\Delhi Protest\backend\.venv\Lib\site-packages\sqlalchemy\orm\context.py", line 306, in orm_execute_statement
    result = conn.execute(
        statement, params or {}, execution_options=execution_options
    )
  File "D:\Delhi Protest\backend\.venv\Lib\site-packages\sqlalchemy\engine\base.py", line 1421, in execute
    return meth(
        self,
        distilled_parameters,
        execution_options or NO_OPTIONS,
    )
  File "D:\Delhi Protest\backend\.venv\Lib\site-packages\sqlalchemy\sql\elements.py", line 526, in _execute_on_connection
    return connection._execute_clauseelement(
           ~~~~~~~~~~~~~~~~~~~~~~~~~~~~~~~~~^
        self, distilled_params, execution_options
        ^^^^^^^^^^^^^^^^^^^^^^^^^^^^^^^^^^^^^^^^^
    )
    ^
  File "D:\Delhi Protest\backend\.venv\Lib\site-packages\sqlalchemy\engine\base.py", line 1643, in _execute_clauseelement
    ret = self._execute_context(
        dialect,
    ...<8 lines>...
        cache_hit=cache_hit,
    )
  File "D:\Delhi Protest\backend\.venv\Lib\site-packages\sqlalchemy\engine\base.py", line 1848, in _execute_context
    return self._exec_single_context(
           ~~~~~~~~~~~~~~~~~~~~~~~~~^
        dialect, context, statement, parameters
        ^^^^^^^^^^^^^^^^^^^^^^^^^^^^^^^^^^^^^^^
    )
    ^
  File "D:\Delhi Protest\backend\.venv\Lib\site-packages\sqlalchemy\engine\base.py", line 1988, in _exec_single_context
    self._handle_dbapi_exception(
    ~~~~~~~~~~~~~~~~~~~~~~~~~~~~^
        e, str_statement, effective_parameters, cursor, context
        ^^^^^^^^^^^^^^^^^^^^^^^^^^^^^^^^^^^^^^^^^^^^^^^^^^^^^^^
    )
    ^
  File "D:\Delhi Protest\backend\.venv\Lib\site-packages\sqlalchemy\engine\base.py", line 2368, in _handle_dbapi_exception
    raise exc_info[1].with_traceback(exc_info[2])
  File "D:\Delhi Protest\backend\.venv\Lib\site-packages\sqlalchemy\engine\base.py", line 1969, in _exec_single_context
    self.dialect.do_execute(
    ~~~~~~~~~~~~~~~~~~~~~~~^
        cursor, str_statement, effective_parameters, context
        ^^^^^^^^^^^^^^^^^^^^^^^^^^^^^^^^^^^^^^^^^^^^^^^^^^^^
    )
    ^
  File "D:\Delhi Protest\backend\.venv\Lib\site-packages\sqlalchemy\engine\default.py", line 952, in do_execute
    cursor.execute(statement, parameters)
    ~~~~~~~~~~~~~~^^^^^^^^^^^^^^^^^^^^^^^
  File "D:\Delhi Protest\backend\.venv\Lib\site-packages\sqlalchemy\dialects\sqlite\aiosqlite.py", line 183, in execute
    self._adapt_connection._handle_exception(error)
    ~~~~~~~~~~~~~~~~~~~~~~~~~~~~~~~~~~~~~~~~^^^^^^^
  File "D:\Delhi Protest\backend\.venv\Lib\site-packages\sqlalchemy\dialects\sqlite\aiosqlite.py", line 343, in _handle_exception
    raise error
  File "D:\Delhi Protest\backend\.venv\Lib\site-packages\sqlalchemy\dialects\sqlite\aiosqlite.py", line 160, in execute
    _cursor: AsyncIODBAPICursor = self.await_(self._connection.cursor())  # type: ignore[arg-type] # noqa: E501
                                  ~~~~~~~~~~~^^^^^^^^^^^^^^^^^^^^^^^^^^^
  File "D:\Delhi Protest\backend\.venv\Lib\site-packages\sqlalchemy\util\_concurrency_py3k.py", line 123, in await_only
    raise exc.MissingGreenlet(
    ...<2 lines>...
    )
sqlalchemy.exc.MissingGreenlet: greenlet_spawn has not been called; can't call await_only() here. Was IO attempted in an unexpected place? (Background on this error at: https://sqlalche.me/e/20/xd2s)
INFO:     127.0.0.1:62978 - "GET /api/documents HTTP/1.1" 200 OK
INFO:     127.0.0.1:62976 - "GET /api/articles HTTP/1.1" 200 OK
INFO:     127.0.0.1:62977 - "GET /api/statistics HTTP/1.1" 200 OK
INFO:     127.0.0.1:62976 - "GET /api/articles/49/sources HTTP/1.1" 500 Internal Server Error
ERROR:    Exception in ASGI application
Traceback (most recent call last):
  File "D:\Delhi Protest\backend\.venv\Lib\site-packages\uvicorn\protocols\http\httptools_impl.py", line 399, in run_asgi
    result = await app(  # type: ignore[func-returns-value]
             ^^^^^^^^^^^^^^^^^^^^^^^^^^^^^^^^^^^^^^^^^^^^^^
        self.scope, self.receive, self.send
        ^^^^^^^^^^^^^^^^^^^^^^^^^^^^^^^^^^^
    )
    ^
  File "D:\Delhi Protest\backend\.venv\Lib\site-packages\uvicorn\middleware\proxy_headers.py", line 70, in __call__
    return await self.app(scope, receive, send)
           ^^^^^^^^^^^^^^^^^^^^^^^^^^^^^^^^^^^^
  File "D:\Delhi Protest\backend\.venv\Lib\site-packages\fastapi\applications.py", line 1054, in __call__
    await super().__call__(scope, receive, send)
  File "D:\Delhi Protest\backend\.venv\Lib\site-packages\starlette\applications.py", line 123, in __call__
    await self.middleware_stack(scope, receive, send)
  File "D:\Delhi Protest\backend\.venv\Lib\site-packages\starlette\middleware\errors.py", line 186, in __call__
    raise exc
  File "D:\Delhi Protest\backend\.venv\Lib\site-packages\starlette\middleware\errors.py", line 164, in __call__
    await self.app(scope, receive, _send)
  File "D:\Delhi Protest\backend\.venv\Lib\site-packages\starlette\middleware\cors.py", line 85, in __call__
    await self.app(scope, receive, send)
  File "D:\Delhi Protest\backend\.venv\Lib\site-packages\starlette\middleware\exceptions.py", line 65, in __call__
    await wrap_app_handling_exceptions(self.app, conn)(scope, receive, send)
  File "D:\Delhi Protest\backend\.venv\Lib\site-packages\starlette\_exception_handler.py", line 64, in wrapped_app
    raise exc
  File "D:\Delhi Protest\backend\.venv\Lib\site-packages\starlette\_exception_handler.py", line 53, in wrapped_app
    await app(scope, receive, sender)
  File "D:\Delhi Protest\backend\.venv\Lib\site-packages\starlette\routing.py", line 756, in __call__
    await self.middleware_stack(scope, receive, send)
  File "D:\Delhi Protest\backend\.venv\Lib\site-packages\starlette\routing.py", line 776, in app
    await route.handle(scope, receive, send)
  File "D:\Delhi Protest\backend\.venv\Lib\site-packages\starlette\routing.py", line 297, in handle
    await self.app(scope, receive, send)
  File "D:\Delhi Protest\backend\.venv\Lib\site-packages\starlette\routing.py", line 77, in app
    await wrap_app_handling_exceptions(app, request)(scope, receive, send)
  File "D:\Delhi Protest\backend\.venv\Lib\site-packages\starlette\_exception_handler.py", line 64, in wrapped_app
    raise exc
  File "D:\Delhi Protest\backend\.venv\Lib\site-packages\starlette\_exception_handler.py", line 53, in wrapped_app
    await app(scope, receive, sender)
  File "D:\Delhi Protest\backend\.venv\Lib\site-packages\starlette\routing.py", line 72, in app
    response = await func(request)
               ^^^^^^^^^^^^^^^^^^^
  File "D:\Delhi Protest\backend\.venv\Lib\site-packages\fastapi\routing.py", line 278, in app
    raw_response = await run_endpoint_function(
                   ^^^^^^^^^^^^^^^^^^^^^^^^^^^^
        dependant=dependant, values=values, is_coroutine=is_coroutine
        ^^^^^^^^^^^^^^^^^^^^^^^^^^^^^^^^^^^^^^^^^^^^^^^^^^^^^^^^^^^^^
    )
    ^
  File "D:\Delhi Protest\backend\.venv\Lib\site-packages\fastapi\routing.py", line 191, in run_endpoint_function
    return await dependant.call(**values)
           ^^^^^^^^^^^^^^^^^^^^^^^^^^^^^^
  File "D:\Delhi Protest\backend\app\routers\__init__.py", line 60, in get_article
    result = await db.execute(
              ^^^^^^^^^^^^^^^
  File "D:\Delhi Protest\backend\.venv\Lib\site-packages\sqlalchemy\orm\attributes.py", line 569, in __get__
    return self.impl.get(state, dict_)  # type: ignore[no-any-return]
           ~~~~~~~~~~~~~^^^^^^^^^^^^^^
  File "D:\Delhi Protest\backend\.venv\Lib\site-packages\sqlalchemy\orm\attributes.py", line 1096, in get
    value = self._fire_loader_callables(state, key, passive)
  File "D:\Delhi Protest\backend\.venv\Lib\site-packages\sqlalchemy\orm\attributes.py", line 1131, in _fire_loader_callables
    return self.callable_(state, passive)
           ~~~~~~~~~~~~~~^^^^^^^^^^^^^^^^
  File "D:\Delhi Protest\backend\.venv\Lib\site-packages\sqlalchemy\orm\strategies.py", line 978, in _load_for_state
    return self._emit_lazyload(
           ~~~~~~~~~~~~~~~~~~~^
        session,
        ^^^^^^^^
    ...<7 lines>...
        execution_options,
        ^^^^^^^^^^^^^^^^^^
    )
    ^
  File "D:\Delhi Protest\backend\.venv\Lib\site-packages\sqlalchemy\orm\strategies.py", line 1141, in _emit_lazyload
    result = session.execute(
        stmt, params, execution_options=execution_options
    )
  File "D:\Delhi Protest\backend\.venv\Lib\site-packages\sqlalchemy\orm\session.py", line 2373, in execute
    return self._execute_internal(
           ~~~~~~~~~~~~~~~~~~~~~~^
        statement,
        ^^^^^^^^^^
    ...<4 lines>...
        _add_event=_add_event,
        ^^^^^^^^^^^^^^^^^^^^^^
    )
    ^
  File "D:\Delhi Protest\backend\.venv\Lib\site-packages\sqlalchemy\orm\session.py", line 2271, in _execute_internal
    result: Result[Any] = compile_state_cls.orm_execute_statement(
                          ~~~~~~~~~~~~~~~~~~~~~~~~~~~~~~~~~~~~~~~^
        self,
        ^^^^^
    ...<4 lines>...
        conn,
        ^^^^^
    )
    ^
  File "D:\Delhi Protest\backend\.venv\Lib\site-packages\sqlalchemy\orm\context.py", line 306, in orm_execute_statement
    result = conn.execute(
        statement, params or {}, execution_options=execution_options
    )
  File "D:\Delhi Protest\backend\.venv\Lib\site-packages\sqlalchemy\engine\base.py", line 1421, in execute
    return meth(
        self,
        distilled_parameters,
        execution_options or NO_OPTIONS,
    )
  File "D:\Delhi Protest\backend\.venv\Lib\site-packages\sqlalchemy\sql\elements.py", line 526, in _execute_on_connection
    return connection._execute_clauseelement(
           ~~~~~~~~~~~~~~~~~~~~~~~~~~~~~~~~~^
        self, distilled_params, execution_options
        ^^^^^^^^^^^^^^^^^^^^^^^^^^^^^^^^^^^^^^^^^
    )
    ^
  File "D:\Delhi Protest\backend\.venv\Lib\site-packages\sqlalchemy\engine\base.py", line 1643, in _execute_clauseelement
    ret = self._execute_context(
        dialect,
    ...<8 lines>...
        cache_hit=cache_hit,
    )
  File "D:\Delhi Protest\backend\.venv\Lib\site-packages\sqlalchemy\engine\base.py", line 1848, in _execute_context
    return self._exec_single_context(
           ~~~~~~~~~~~~~~~~~~~~~~~~~^
        dialect, context, statement, parameters
        ^^^^^^^^^^^^^^^^^^^^^^^^^^^^^^^^^^^^^^^
    )
    ^
  File "D:\Delhi Protest\backend\.venv\Lib\site-packages\sqlalchemy\engine\base.py", line 1988, in _exec_single_context
    self._handle_dbapi_exception(
    ~~~~~~~~~~~~~~~~~~~~~~~~~~~~^
        e, str_statement, effective_parameters, cursor, context
        ^^^^^^^^^^^^^^^^^^^^^^^^^^^^^^^^^^^^^^^^^^^^^^^^^^^^^^^
    )
    ^
  File "D:\Delhi Protest\backend\.venv\Lib\site-packages\sqlalchemy\engine\base.py", line 2368, in _handle_dbapi_exception
    raise exc_info[1].with_traceback(exc_info[2])
  File "D:\Delhi Protest\backend\.venv\Lib\site-packages\sqlalchemy\engine\base.py", line 1969, in _exec_single_context
    self.dialect.do_execute(
    ~~~~~~~~~~~~~~~~~~~~~~~^
        cursor, str_statement, effective_parameters, context
        ^^^^^^^^^^^^^^^^^^^^^^^^^^^^^^^^^^^^^^^^^^^^^^^^^^^^
    )
    ^
  File "D:\Delhi Protest\backend\.venv\Lib\site-packages\sqlalchemy\engine\default.py", line 952, in do_execute
    cursor.execute(statement, parameters)
    ~~~~~~~~~~~~~~^^^^^^^^^^^^^^^^^^^^^^^
  File "D:\Delhi Protest\backend\.venv\Lib\site-packages\sqlalchemy\dialects\sqlite\aiosqlite.py", line 183, in execute
    self._adapt_connection._handle_exception(error)
    ~~~~~~~~~~~~~~~~~~~~~~~~~~~~~~~~~~~~~~~~^^^^^^^
  File "D:\Delhi Protest\backend\.venv\Lib\site-packages\sqlalchemy\dialects\sqlite\aiosqlite.py", line 343, in _handle_exception
    raise error
  File "D:\Delhi Protest\backend\.venv\Lib\site-packages\sqlalchemy\dialects\sqlite\aiosqlite.py", line 160, in execute
    _cursor: AsyncIODBAPICursor = self.await_(self._connection.cursor())  # type: ignore[arg-type] # noqa: E501
                                  ~~~~~~~~~~~^^^^^^^^^^^^^^^^^^^^^^^^^^^
  File "D:\Delhi Protest\backend\.venv\Lib\site-packages\sqlalchemy\util\_concurrency_py3k.py", line 123, in await_only
    raise exc.MissingGreenlet(
    ...<2 lines>...
    )
sqlalchemy.exc.MissingGreenlet: greenlet_spawn has not been called; can't call await_only() here. Was IO attempted in an unexpected place? (Background on this error at: https://sqlalche.me/e/20/xd2s)
INFO:     127.0.0.1:51185 - "GET /api/statistics HTTP/1.1" 200 OK
INFO:     127.0.0.1:51184 - "GET /api/statistics HTTP/1.1" 200 OK
INFO:     127.0.0.1:51188 - "GET /api/documents HTTP/1.1" 200 OK
INFO:     127.0.0.1:51189 - "GET /api/documents HTTP/1.1" 200 OK
INFO:     127.0.0.1:51190 - "GET /api/articles HTTP/1.1" 200 OK
INFO:     127.0.0.1:51191 - "GET /api/articles HTTP/1.1" 200 OK
INFO:     127.0.0.1:65008 - "GET /api/documents HTTP/1.1" 200 OK
INFO:     127.0.0.1:65006 - "GET /api/articles HTTP/1.1" 200 OK
INFO:     127.0.0.1:65007 - "GET /api/statistics HTTP/1.1" 200 OK
INFO:     127.0.0.1:49197 - "GET /api/articles/1/sources HTTP/1.1" 500 Internal Server Error
ERROR:    Exception in ASGI application
Traceback (most recent call last):
  File "D:\Delhi Protest\backend\.venv\Lib\site-packages\uvicorn\protocols\http\httptools_impl.py", line 399, in run_asgi
    result = await app(  # type: ignore[func-returns-value]
             ^^^^^^^^^^^^^^^^^^^^^^^^^^^^^^^^^^^^^^^^^^^^^^
        self.scope, self.receive, self.send
        ^^^^^^^^^^^^^^^^^^^^^^^^^^^^^^^^^^^
    )
    ^
  File "D:\Delhi Protest\backend\.venv\Lib\site-packages\uvicorn\middleware\proxy_headers.py", line 70, in __call__
    return await self.app(scope, receive, send)
           ^^^^^^^^^^^^^^^^^^^^^^^^^^^^^^^^^^^^
  File "D:\Delhi Protest\backend\.venv\Lib\site-packages\fastapi\applications.py", line 1054, in __call__
    await super().__call__(scope, receive, send)
  File "D:\Delhi Protest\backend\.venv\Lib\site-packages\starlette\applications.py", line 123, in __call__
    await self.middleware_stack(scope, receive, send)
  File "D:\Delhi Protest\backend\.venv\Lib\site-packages\starlette\middleware\errors.py", line 186, in __call__
    raise exc
  File "D:\Delhi Protest\backend\.venv\Lib\site-packages\starlette\middleware\errors.py", line 164, in __call__
    await self.app(scope, receive, _send)
  File "D:\Delhi Protest\backend\.venv\Lib\site-packages\starlette\middleware\cors.py", line 85, in __call__
    await self.app(scope, receive, send)
  File "D:\Delhi Protest\backend\.venv\Lib\site-packages\starlette\middleware\exceptions.py", line 65, in __call__
    await wrap_app_handling_exceptions(self.app, conn)(scope, receive, send)
  File "D:\Delhi Protest\backend\.venv\Lib\site-packages\starlette\_exception_handler.py", line 64, in wrapped_app
    raise exc
  File "D:\Delhi Protest\backend\.venv\Lib\site-packages\starlette\_exception_handler.py", line 53, in wrapped_app
    await app(scope, receive, sender)
  File "D:\Delhi Protest\backend\.venv\Lib\site-packages\starlette\routing.py", line 756, in __call__
    await self.middleware_stack(scope, receive, send)
  File "D:\Delhi Protest\backend\.venv\Lib\site-packages\starlette\routing.py", line 776, in app
    await route.handle(scope, receive, send)
  File "D:\Delhi Protest\backend\.venv\Lib\site-packages\starlette\routing.py", line 297, in handle
    await self.app(scope, receive, send)
  File "D:\Delhi Protest\backend\.venv\Lib\site-packages\starlette\routing.py", line 77, in app
    await wrap_app_handling_exceptions(app, request)(scope, receive, send)
  File "D:\Delhi Protest\backend\.venv\Lib\site-packages\starlette\_exception_handler.py", line 64, in wrapped_app
    raise exc
  File "D:\Delhi Protest\backend\.venv\Lib\site-packages\starlette\_exception_handler.py", line 53, in wrapped_app
    await app(scope, receive, sender)
  File "D:\Delhi Protest\backend\.venv\Lib\site-packages\starlette\routing.py", line 72, in app
    response = await func(request)
               ^^^^^^^^^^^^^^^^^^^
  File "D:\Delhi Protest\backend\.venv\Lib\site-packages\fastapi\routing.py", line 278, in app
    raw_response = await run_endpoint_function(
                   ^^^^^^^^^^^^^^^^^^^^^^^^^^^^
        dependant=dependant, values=values, is_coroutine=is_coroutine
        ^^^^^^^^^^^^^^^^^^^^^^^^^^^^^^^^^^^^^^^^^^^^^^^^^^^^^^^^^^^^^
    )
    ^
  File "D:\Delhi Protest\backend\.venv\Lib\site-packages\fastapi\routing.py", line 191, in run_endpoint_function
    return await dependant.call(**values)
           ^^^^^^^^^^^^^^^^^^^^^^^^^^^^^^
  File "D:\Delhi Protest\backend\app\routers\__init__.py", line 60, in get_article
    result = await db.execute(
              ^^^^^^^^^^^^^^^
  File "D:\Delhi Protest\backend\.venv\Lib\site-packages\sqlalchemy\orm\attributes.py", line 569, in __get__
    return self.impl.get(state, dict_)  # type: ignore[no-any-return]
           ~~~~~~~~~~~~~^^^^^^^^^^^^^^
  File "D:\Delhi Protest\backend\.venv\Lib\site-packages\sqlalchemy\orm\attributes.py", line 1096, in get
    value = self._fire_loader_callables(state, key, passive)
  File "D:\Delhi Protest\backend\.venv\Lib\site-packages\sqlalchemy\orm\attributes.py", line 1131, in _fire_loader_callables
    return self.callable_(state, passive)
           ~~~~~~~~~~~~~~^^^^^^^^^^^^^^^^
  File "D:\Delhi Protest\backend\.venv\Lib\site-packages\sqlalchemy\orm\strategies.py", line 978, in _load_for_state
    return self._emit_lazyload(
           ~~~~~~~~~~~~~~~~~~~^
        session,
        ^^^^^^^^
    ...<7 lines>...
        execution_options,
        ^^^^^^^^^^^^^^^^^^
    )
    ^
  File "D:\Delhi Protest\backend\.venv\Lib\site-packages\sqlalchemy\orm\strategies.py", line 1141, in _emit_lazyload
    result = session.execute(
        stmt, params, execution_options=execution_options
    )
  File "D:\Delhi Protest\backend\.venv\Lib\site-packages\sqlalchemy\orm\session.py", line 2373, in execute
    return self._execute_internal(
           ~~~~~~~~~~~~~~~~~~~~~~^
        statement,
        ^^^^^^^^^^
    ...<4 lines>...
        _add_event=_add_event,
        ^^^^^^^^^^^^^^^^^^^^^^
    )
    ^
  File "D:\Delhi Protest\backend\.venv\Lib\site-packages\sqlalchemy\orm\session.py", line 2271, in _execute_internal
    result: Result[Any] = compile_state_cls.orm_execute_statement(
                          ~~~~~~~~~~~~~~~~~~~~~~~~~~~~~~~~~~~~~~~^
        self,
        ^^^^^
    ...<4 lines>...
        conn,
        ^^^^^
    )
    ^
  File "D:\Delhi Protest\backend\.venv\Lib\site-packages\sqlalchemy\orm\context.py", line 306, in orm_execute_statement
    result = conn.execute(
        statement, params or {}, execution_options=execution_options
    )
  File "D:\Delhi Protest\backend\.venv\Lib\site-packages\sqlalchemy\engine\base.py", line 1421, in execute
    return meth(
        self,
        distilled_parameters,
        execution_options or NO_OPTIONS,
    )
  File "D:\Delhi Protest\backend\.venv\Lib\site-packages\sqlalchemy\sql\elements.py", line 526, in _execute_on_connection
    return connection._execute_clauseelement(
           ~~~~~~~~~~~~~~~~~~~~~~~~~~~~~~~~~^
        self, distilled_params, execution_options
        ^^^^^^^^^^^^^^^^^^^^^^^^^^^^^^^^^^^^^^^^^
    )
    ^
  File "D:\Delhi Protest\backend\.venv\Lib\site-packages\sqlalchemy\engine\base.py", line 1643, in _execute_clauseelement
    ret = self._execute_context(
        dialect,
    ...<8 lines>...
        cache_hit=cache_hit,
    )
  File "D:\Delhi Protest\backend\.venv\Lib\site-packages\sqlalchemy\engine\base.py", line 1848, in _execute_context
    return self._exec_single_context(
           ~~~~~~~~~~~~~~~~~~~~~~~~~^
        dialect, context, statement, parameters
        ^^^^^^^^^^^^^^^^^^^^^^^^^^^^^^^^^^^^^^^
    )
    ^
  File "D:\Delhi Protest\backend\.venv\Lib\site-packages\sqlalchemy\engine\base.py", line 1988, in _exec_single_context
    self._handle_dbapi_exception(
    ~~~~~~~~~~~~~~~~~~~~~~~~~~~~^
        e, str_statement, effective_parameters, cursor, context
        ^^^^^^^^^^^^^^^^^^^^^^^^^^^^^^^^^^^^^^^^^^^^^^^^^^^^^^^
    )
    ^
  File "D:\Delhi Protest\backend\.venv\Lib\site-packages\sqlalchemy\engine\base.py", line 2368, in _handle_dbapi_exception
    raise exc_info[1].with_traceback(exc_info[2])
  File "D:\Delhi Protest\backend\.venv\Lib\site-packages\sqlalchemy\engine\base.py", line 1969, in _exec_single_context
    self.dialect.do_execute(
    ~~~~~~~~~~~~~~~~~~~~~~~^
        cursor, str_statement, effective_parameters, context
        ^^^^^^^^^^^^^^^^^^^^^^^^^^^^^^^^^^^^^^^^^^^^^^^^^^^^
    )
    ^
  File "D:\Delhi Protest\backend\.venv\Lib\site-packages\sqlalchemy\engine\default.py", line 952, in do_execute
    cursor.execute(statement, parameters)
    ~~~~~~~~~~~~~~^^^^^^^^^^^^^^^^^^^^^^^
  File "D:\Delhi Protest\backend\.venv\Lib\site-packages\sqlalchemy\dialects\sqlite\aiosqlite.py", line 183, in execute
    self._adapt_connection._handle_exception(error)
    ~~~~~~~~~~~~~~~~~~~~~~~~~~~~~~~~~~~~~~~~^^^^^^^
  File "D:\Delhi Protest\backend\.venv\Lib\site-packages\sqlalchemy\dialects\sqlite\aiosqlite.py", line 343, in _handle_exception
    raise error
  File "D:\Delhi Protest\backend\.venv\Lib\site-packages\sqlalchemy\dialects\sqlite\aiosqlite.py", line 160, in execute
    _cursor: AsyncIODBAPICursor = self.await_(self._connection.cursor())  # type: ignore[arg-type] # noqa: E501
                                  ~~~~~~~~~~~^^^^^^^^^^^^^^^^^^^^^^^^^^^
  File "D:\Delhi Protest\backend\.venv\Lib\site-packages\sqlalchemy\util\_concurrency_py3k.py", line 123, in await_only
    raise exc.MissingGreenlet(
    ...<2 lines>...
    )
sqlalchemy.exc.MissingGreenlet: greenlet_spawn has not been called; can't call await_only() here. Was IO attempted in an unexpected place? (Background on this error at: https://sqlalche.me/e/20/xd2s)
INFO:     127.0.0.1:49782 - "GET /api/documents HTTP/1.1" 200 OK
INFO:     127.0.0.1:49780 - "GET /api/articles HTTP/1.1" 200 OK
INFO:     127.0.0.1:49781 - "GET /api/statistics HTTP/1.1" 200 OK
INFO:     127.0.0.1:53515 - "GET /api/documents HTTP/1.1" 200 OK
INFO:     127.0.0.1:53513 - "GET /api/articles HTTP/1.1" 200 OK
INFO:     127.0.0.1:53514 - "GET /api/statistics HTTP/1.1" 200 OK
INFO:     127.0.0.1:56234 - "GET /api/articles HTTP/1.1" 200 OK
INFO:     127.0.0.1:56236 - "GET /api/documents HTTP/1.1" 200 OK
INFO:     127.0.0.1:56235 - "GET /api/statistics HTTP/1.1" 200 OK
INFO:     127.0.0.1:56240 - "GET /api/articles HTTP/1.1" 200 OK
INFO:     127.0.0.1:56243 - "GET /api/statistics HTTP/1.1" 200 OK
INFO:     127.0.0.1:63867 - "GET /api/articles HTTP/1.1" 200 OK
INFO:     127.0.0.1:63869 - "GET /api/documents HTTP/1.1" 200 OK
INFO:     127.0.0.1:63868 - "GET /api/statistics HTTP/1.1" 200 OK
INFO:     127.0.0.1:55338 - "GET /api/articles/1/sources HTTP/1.1" 500 Internal Server Error
ERROR:    Exception in ASGI application
Traceback (most recent call last):
  File "D:\Delhi Protest\backend\.venv\Lib\site-packages\uvicorn\protocols\http\httptools_impl.py", line 399, in run_asgi
    result = await app(  # type: ignore[func-returns-value]
             ^^^^^^^^^^^^^^^^^^^^^^^^^^^^^^^^^^^^^^^^^^^^^^
        self.scope, self.receive, self.send
        ^^^^^^^^^^^^^^^^^^^^^^^^^^^^^^^^^^^
    )
    ^
  File "D:\Delhi Protest\backend\.venv\Lib\site-packages\uvicorn\middleware\proxy_headers.py", line 70, in __call__
    return await self.app(scope, receive, send)
           ^^^^^^^^^^^^^^^^^^^^^^^^^^^^^^^^^^^^
  File "D:\Delhi Protest\backend\.venv\Lib\site-packages\fastapi\applications.py", line 1054, in __call__
    await super().__call__(scope, receive, send)
  File "D:\Delhi Protest\backend\.venv\Lib\site-packages\starlette\applications.py", line 123, in __call__
    await self.middleware_stack(scope, receive, send)
  File "D:\Delhi Protest\backend\.venv\Lib\site-packages\starlette\middleware\errors.py", line 186, in __call__
    raise exc
  File "D:\Delhi Protest\backend\.venv\Lib\site-packages\starlette\middleware\errors.py", line 164, in __call__
    await self.app(scope, receive, _send)
  File "D:\Delhi Protest\backend\.venv\Lib\site-packages\starlette\middleware\cors.py", line 85, in __call__
    await self.app(scope, receive, send)
  File "D:\Delhi Protest\backend\.venv\Lib\site-packages\starlette\middleware\exceptions.py", line 65, in __call__
    await wrap_app_handling_exceptions(self.app, conn)(scope, receive, send)
  File "D:\Delhi Protest\backend\.venv\Lib\site-packages\starlette\_exception_handler.py", line 64, in wrapped_app
    raise exc
  File "D:\Delhi Protest\backend\.venv\Lib\site-packages\starlette\_exception_handler.py", line 53, in wrapped_app
    await app(scope, receive, sender)
  File "D:\Delhi Protest\backend\.venv\Lib\site-packages\starlette\routing.py", line 756, in __call__
    await self.middleware_stack(scope, receive, send)
  File "D:\Delhi Protest\backend\.venv\Lib\site-packages\starlette\routing.py", line 776, in app
    await route.handle(scope, receive, send)
  File "D:\Delhi Protest\backend\.venv\Lib\site-packages\starlette\routing.py", line 297, in handle
    await self.app(scope, receive, send)
  File "D:\Delhi Protest\backend\.venv\Lib\site-packages\starlette\routing.py", line 77, in app
    await wrap_app_handling_exceptions(app, request)(scope, receive, send)
  File "D:\Delhi Protest\backend\.venv\Lib\site-packages\starlette\_exception_handler.py", line 64, in wrapped_app
    raise exc
  File "D:\Delhi Protest\backend\.venv\Lib\site-packages\starlette\_exception_handler.py", line 53, in wrapped_app
    await app(scope, receive, sender)
  File "D:\Delhi Protest\backend\.venv\Lib\site-packages\starlette\routing.py", line 72, in app
    response = await func(request)
               ^^^^^^^^^^^^^^^^^^^
  File "D:\Delhi Protest\backend\.venv\Lib\site-packages\fastapi\routing.py", line 278, in app
    raw_response = await run_endpoint_function(
                   ^^^^^^^^^^^^^^^^^^^^^^^^^^^^
        dependant=dependant, values=values, is_coroutine=is_coroutine
        ^^^^^^^^^^^^^^^^^^^^^^^^^^^^^^^^^^^^^^^^^^^^^^^^^^^^^^^^^^^^^
    )
    ^
  File "D:\Delhi Protest\backend\.venv\Lib\site-packages\fastapi\routing.py", line 191, in run_endpoint_function
    return await dependant.call(**values)
           ^^^^^^^^^^^^^^^^^^^^^^^^^^^^^^
  File "D:\Delhi Protest\backend\app\routers\__init__.py", line 60, in get_article
    result = await db.execute(
              ^^^^^^^^^^^^^^^
  File "D:\Delhi Protest\backend\.venv\Lib\site-packages\sqlalchemy\orm\attributes.py", line 569, in __get__
    return self.impl.get(state, dict_)  # type: ignore[no-any-return]
           ~~~~~~~~~~~~~^^^^^^^^^^^^^^
  File "D:\Delhi Protest\backend\.venv\Lib\site-packages\sqlalchemy\orm\attributes.py", line 1096, in get
    value = self._fire_loader_callables(state, key, passive)
  File "D:\Delhi Protest\backend\.venv\Lib\site-packages\sqlalchemy\orm\attributes.py", line 1131, in _fire_loader_callables
    return self.callable_(state, passive)
           ~~~~~~~~~~~~~~^^^^^^^^^^^^^^^^
  File "D:\Delhi Protest\backend\.venv\Lib\site-packages\sqlalchemy\orm\strategies.py", line 978, in _load_for_state
    return self._emit_lazyload(
           ~~~~~~~~~~~~~~~~~~~^
        session,
        ^^^^^^^^
    ...<7 lines>...
        execution_options,
        ^^^^^^^^^^^^^^^^^^
    )
    ^
  File "D:\Delhi Protest\backend\.venv\Lib\site-packages\sqlalchemy\orm\strategies.py", line 1141, in _emit_lazyload
    result = session.execute(
        stmt, params, execution_options=execution_options
    )
  File "D:\Delhi Protest\backend\.venv\Lib\site-packages\sqlalchemy\orm\session.py", line 2373, in execute
    return self._execute_internal(
           ~~~~~~~~~~~~~~~~~~~~~~^
        statement,
        ^^^^^^^^^^
    ...<4 lines>...
        _add_event=_add_event,
        ^^^^^^^^^^^^^^^^^^^^^^
    )
    ^
  File "D:\Delhi Protest\backend\.venv\Lib\site-packages\sqlalchemy\orm\session.py", line 2271, in _execute_internal
    result: Result[Any] = compile_state_cls.orm_execute_statement(
                          ~~~~~~~~~~~~~~~~~~~~~~~~~~~~~~~~~~~~~~~^
        self,
        ^^^^^
    ...<4 lines>...
        conn,
        ^^^^^
    )
    ^
  File "D:\Delhi Protest\backend\.venv\Lib\site-packages\sqlalchemy\orm\context.py", line 306, in orm_execute_statement
    result = conn.execute(
        statement, params or {}, execution_options=execution_options
    )
  File "D:\Delhi Protest\backend\.venv\Lib\site-packages\sqlalchemy\engine\base.py", line 1421, in execute
    return meth(
        self,
        distilled_parameters,
        execution_options or NO_OPTIONS,
    )
  File "D:\Delhi Protest\backend\.venv\Lib\site-packages\sqlalchemy\sql\elements.py", line 526, in _execute_on_connection
    return connection._execute_clauseelement(
           ~~~~~~~~~~~~~~~~~~~~~~~~~~~~~~~~~^
        self, distilled_params, execution_options
        ^^^^^^^^^^^^^^^^^^^^^^^^^^^^^^^^^^^^^^^^^
    )
    ^
  File "D:\Delhi Protest\backend\.venv\Lib\site-packages\sqlalchemy\engine\base.py", line 1643, in _execute_clauseelement
    ret = self._execute_context(
        dialect,
    ...<8 lines>...
        cache_hit=cache_hit,
    )
  File "D:\Delhi Protest\backend\.venv\Lib\site-packages\sqlalchemy\engine\base.py", line 1848, in _execute_context
    return self._exec_single_context(
           ~~~~~~~~~~~~~~~~~~~~~~~~~^
        dialect, context, statement, parameters
        ^^^^^^^^^^^^^^^^^^^^^^^^^^^^^^^^^^^^^^^
    )
    ^
  File "D:\Delhi Protest\backend\.venv\Lib\site-packages\sqlalchemy\engine\base.py", line 1988, in _exec_single_context
    self._handle_dbapi_exception(
    ~~~~~~~~~~~~~~~~~~~~~~~~~~~~^
        e, str_statement, effective_parameters, cursor, context
        ^^^^^^^^^^^^^^^^^^^^^^^^^^^^^^^^^^^^^^^^^^^^^^^^^^^^^^^
    )
    ^
  File "D:\Delhi Protest\backend\.venv\Lib\site-packages\sqlalchemy\engine\base.py", line 2368, in _handle_dbapi_exception
    raise exc_info[1].with_traceback(exc_info[2])
  File "D:\Delhi Protest\backend\.venv\Lib\site-packages\sqlalchemy\engine\base.py", line 1969, in _exec_single_context
    self.dialect.do_execute(
    ~~~~~~~~~~~~~~~~~~~~~~~^
        cursor, str_statement, effective_parameters, context
        ^^^^^^^^^^^^^^^^^^^^^^^^^^^^^^^^^^^^^^^^^^^^^^^^^^^^
    )
    ^
  File "D:\Delhi Protest\backend\.venv\Lib\site-packages\sqlalchemy\engine\default.py", line 952, in do_execute
    cursor.execute(statement, parameters)
    ~~~~~~~~~~~~~~^^^^^^^^^^^^^^^^^^^^^^^
  File "D:\Delhi Protest\backend\.venv\Lib\site-packages\sqlalchemy\dialects\sqlite\aiosqlite.py", line 183, in execute
    self._adapt_connection._handle_exception(error)
    ~~~~~~~~~~~~~~~~~~~~~~~~~~~~~~~~~~~~~~~~^^^^^^^
  File "D:\Delhi Protest\backend\.venv\Lib\site-packages\sqlalchemy\dialects\sqlite\aiosqlite.py", line 343, in _handle_exception
    raise error
  File "D:\Delhi Protest\backend\.venv\Lib\site-packages\sqlalchemy\dialects\sqlite\aiosqlite.py", line 160, in execute
    _cursor: AsyncIODBAPICursor = self.await_(self._connection.cursor())  # type: ignore[arg-type] # noqa: E501
                                  ~~~~~~~~~~~^^^^^^^^^^^^^^^^^^^^^^^^^^^
  File "D:\Delhi Protest\backend\.venv\Lib\site-packages\sqlalchemy\util\_concurrency_py3k.py", line 123, in await_only
    raise exc.MissingGreenlet(
    ...<2 lines>...
    )
sqlalchemy.exc.MissingGreenlet: greenlet_spawn has not been called; can't call await_only() here. Was IO attempted in an unexpected place? (Background on this error at: https://sqlalche.me/e/20/xd2s)
INFO:     127.0.0.1:55337 - "GET /api/articles/1/sources HTTP/1.1" 500 Internal Server Error
ERROR:    Exception in ASGI application
Traceback (most recent call last):
  File "D:\Delhi Protest\backend\.venv\Lib\site-packages\uvicorn\protocols\http\httptools_impl.py", line 399, in run_asgi
    result = await app(  # type: ignore[func-returns-value]
             ^^^^^^^^^^^^^^^^^^^^^^^^^^^^^^^^^^^^^^^^^^^^^^
        self.scope, self.receive, self.send
        ^^^^^^^^^^^^^^^^^^^^^^^^^^^^^^^^^^^
    )
    ^
  File "D:\Delhi Protest\backend\.venv\Lib\site-packages\uvicorn\middleware\proxy_headers.py", line 70, in __call__
    return await self.app(scope, receive, send)
           ^^^^^^^^^^^^^^^^^^^^^^^^^^^^^^^^^^^^
  File "D:\Delhi Protest\backend\.venv\Lib\site-packages\fastapi\applications.py", line 1054, in __call__
    await super().__call__(scope, receive, send)
  File "D:\Delhi Protest\backend\.venv\Lib\site-packages\starlette\applications.py", line 123, in __call__
    await self.middleware_stack(scope, receive, send)
  File "D:\Delhi Protest\backend\.venv\Lib\site-packages\starlette\middleware\errors.py", line 186, in __call__
    raise exc
  File "D:\Delhi Protest\backend\.venv\Lib\site-packages\starlette\middleware\errors.py", line 164, in __call__
    await self.app(scope, receive, _send)
  File "D:\Delhi Protest\backend\.venv\Lib\site-packages\starlette\middleware\cors.py", line 85, in __call__
    await self.app(scope, receive, send)
  File "D:\Delhi Protest\backend\.venv\Lib\site-packages\starlette\middleware\exceptions.py", line 65, in __call__
    await wrap_app_handling_exceptions(self.app, conn)(scope, receive, send)
  File "D:\Delhi Protest\backend\.venv\Lib\site-packages\starlette\_exception_handler.py", line 64, in wrapped_app
    raise exc
  File "D:\Delhi Protest\backend\.venv\Lib\site-packages\starlette\_exception_handler.py", line 53, in wrapped_app
    await app(scope, receive, sender)
  File "D:\Delhi Protest\backend\.venv\Lib\site-packages\starlette\routing.py", line 756, in __call__
    await self.middleware_stack(scope, receive, send)
  File "D:\Delhi Protest\backend\.venv\Lib\site-packages\starlette\routing.py", line 776, in app
    await route.handle(scope, receive, send)
  File "D:\Delhi Protest\backend\.venv\Lib\site-packages\starlette\routing.py", line 297, in handle
    await self.app(scope, receive, send)
  File "D:\Delhi Protest\backend\.venv\Lib\site-packages\starlette\routing.py", line 77, in app
    await wrap_app_handling_exceptions(app, request)(scope, receive, send)
  File "D:\Delhi Protest\backend\.venv\Lib\site-packages\starlette\_exception_handler.py", line 64, in wrapped_app
    raise exc
  File "D:\Delhi Protest\backend\.venv\Lib\site-packages\starlette\_exception_handler.py", line 53, in wrapped_app
    await app(scope, receive, sender)
  File "D:\Delhi Protest\backend\.venv\Lib\site-packages\starlette\routing.py", line 72, in app
    response = await func(request)
               ^^^^^^^^^^^^^^^^^^^
  File "D:\Delhi Protest\backend\.venv\Lib\site-packages\fastapi\routing.py", line 278, in app
    raw_response = await run_endpoint_function(
                   ^^^^^^^^^^^^^^^^^^^^^^^^^^^^
        dependant=dependant, values=values, is_coroutine=is_coroutine
        ^^^^^^^^^^^^^^^^^^^^^^^^^^^^^^^^^^^^^^^^^^^^^^^^^^^^^^^^^^^^^
    )
    ^
  File "D:\Delhi Protest\backend\.venv\Lib\site-packages\fastapi\routing.py", line 191, in run_endpoint_function
    return await dependant.call(**values)
           ^^^^^^^^^^^^^^^^^^^^^^^^^^^^^^
  File "D:\Delhi Protest\backend\app\routers\__init__.py", line 60, in get_article
    result = await db.execute(
              ^^^^^^^^^^^^^^^
  File "D:\Delhi Protest\backend\.venv\Lib\site-packages\sqlalchemy\orm\attributes.py", line 569, in __get__
    return self.impl.get(state, dict_)  # type: ignore[no-any-return]
           ~~~~~~~~~~~~~^^^^^^^^^^^^^^
  File "D:\Delhi Protest\backend\.venv\Lib\site-packages\sqlalchemy\orm\attributes.py", line 1096, in get
    value = self._fire_loader_callables(state, key, passive)
  File "D:\Delhi Protest\backend\.venv\Lib\site-packages\sqlalchemy\orm\attributes.py", line 1131, in _fire_loader_callables
    return self.callable_(state, passive)
           ~~~~~~~~~~~~~~^^^^^^^^^^^^^^^^
  File "D:\Delhi Protest\backend\.venv\Lib\site-packages\sqlalchemy\orm\strategies.py", line 978, in _load_for_state
    return self._emit_lazyload(
           ~~~~~~~~~~~~~~~~~~~^
        session,
        ^^^^^^^^
    ...<7 lines>...
        execution_options,
        ^^^^^^^^^^^^^^^^^^
    )
    ^
  File "D:\Delhi Protest\backend\.venv\Lib\site-packages\sqlalchemy\orm\strategies.py", line 1141, in _emit_lazyload
    result = session.execute(
        stmt, params, execution_options=execution_options
    )
  File "D:\Delhi Protest\backend\.venv\Lib\site-packages\sqlalchemy\orm\session.py", line 2373, in execute
    return self._execute_internal(
           ~~~~~~~~~~~~~~~~~~~~~~^
        statement,
        ^^^^^^^^^^
    ...<4 lines>...
        _add_event=_add_event,
        ^^^^^^^^^^^^^^^^^^^^^^
    )
    ^
  File "D:\Delhi Protest\backend\.venv\Lib\site-packages\sqlalchemy\orm\session.py", line 2271, in _execute_internal
    result: Result[Any] = compile_state_cls.orm_execute_statement(
                          ~~~~~~~~~~~~~~~~~~~~~~~~~~~~~~~~~~~~~~~^
        self,
        ^^^^^
    ...<4 lines>...
        conn,
        ^^^^^
    )
    ^
  File "D:\Delhi Protest\backend\.venv\Lib\site-packages\sqlalchemy\orm\context.py", line 306, in orm_execute_statement
    result = conn.execute(
        statement, params or {}, execution_options=execution_options
    )
  File "D:\Delhi Protest\backend\.venv\Lib\site-packages\sqlalchemy\engine\base.py", line 1421, in execute
    return meth(
        self,
        distilled_parameters,
        execution_options or NO_OPTIONS,
    )
  File "D:\Delhi Protest\backend\.venv\Lib\site-packages\sqlalchemy\sql\elements.py", line 526, in _execute_on_connection
    return connection._execute_clauseelement(
           ~~~~~~~~~~~~~~~~~~~~~~~~~~~~~~~~~^
        self, distilled_params, execution_options
        ^^^^^^^^^^^^^^^^^^^^^^^^^^^^^^^^^^^^^^^^^
    )
    ^
  File "D:\Delhi Protest\backend\.venv\Lib\site-packages\sqlalchemy\engine\base.py", line 1643, in _execute_clauseelement
    ret = self._execute_context(
        dialect,
    ...<8 lines>...
        cache_hit=cache_hit,
    )
  File "D:\Delhi Protest\backend\.venv\Lib\site-packages\sqlalchemy\engine\base.py", line 1848, in _execute_context
    return self._exec_single_context(
           ~~~~~~~~~~~~~~~~~~~~~~~~~^
        dialect, context, statement, parameters
        ^^^^^^^^^^^^^^^^^^^^^^^^^^^^^^^^^^^^^^^
    )
    ^
  File "D:\Delhi Protest\backend\.venv\Lib\site-packages\sqlalchemy\engine\base.py", line 1988, in _exec_single_context
    self._handle_dbapi_exception(
    ~~~~~~~~~~~~~~~~~~~~~~~~~~~~^
        e, str_statement, effective_parameters, cursor, context
        ^^^^^^^^^^^^^^^^^^^^^^^^^^^^^^^^^^^^^^^^^^^^^^^^^^^^^^^
    )
    ^
  File "D:\Delhi Protest\backend\.venv\Lib\site-packages\sqlalchemy\engine\base.py", line 2368, in _handle_dbapi_exception
    raise exc_info[1].with_traceback(exc_info[2])
  File "D:\Delhi Protest\backend\.venv\Lib\site-packages\sqlalchemy\engine\base.py", line 1969, in _exec_single_context
    self.dialect.do_execute(
    ~~~~~~~~~~~~~~~~~~~~~~~^
        cursor, str_statement, effective_parameters, context
        ^^^^^^^^^^^^^^^^^^^^^^^^^^^^^^^^^^^^^^^^^^^^^^^^^^^^
    )
    ^
  File "D:\Delhi Protest\backend\.venv\Lib\site-packages\sqlalchemy\engine\default.py", line 952, in do_execute
    cursor.execute(statement, parameters)
    ~~~~~~~~~~~~~~^^^^^^^^^^^^^^^^^^^^^^^
  File "D:\Delhi Protest\backend\.venv\Lib\site-packages\sqlalchemy\dialects\sqlite\aiosqlite.py", line 183, in execute
    self._adapt_connection._handle_exception(error)
    ~~~~~~~~~~~~~~~~~~~~~~~~~~~~~~~~~~~~~~~~^^^^^^^
  File "D:\Delhi Protest\backend\.venv\Lib\site-packages\sqlalchemy\dialects\sqlite\aiosqlite.py", line 343, in _handle_exception
    raise error
  File "D:\Delhi Protest\backend\.venv\Lib\site-packages\sqlalchemy\dialects\sqlite\aiosqlite.py", line 160, in execute
    _cursor: AsyncIODBAPICursor = self.await_(self._connection.cursor())  # type: ignore[arg-type] # noqa: E501
                                  ~~~~~~~~~~~^^^^^^^^^^^^^^^^^^^^^^^^^^^
  File "D:\Delhi Protest\backend\.venv\Lib\site-packages\sqlalchemy\util\_concurrency_py3k.py", line 123, in await_only
    raise exc.MissingGreenlet(
    ...<2 lines>...
    )
sqlalchemy.exc.MissingGreenlet: greenlet_spawn has not been called; can't call await_only() here. Was IO attempted in an unexpected place? (Background on this error at: https://sqlalche.me/e/20/xd2s)
INFO:     127.0.0.1:55344 - "GET /api/documents HTTP/1.1" 200 OK
INFO:     127.0.0.1:55342 - "GET /api/articles HTTP/1.1" 200 OK
INFO:     127.0.0.1:55343 - "GET /api/statistics HTTP/1.1" 200 OK
INFO:     127.0.0.1:60795 - "GET /api/articles HTTP/1.1" 200 OK
INFO:     127.0.0.1:60797 - "GET /api/documents HTTP/1.1" 200 OK
INFO:     127.0.0.1:60796 - "GET /api/statistics HTTP/1.1" 200 OK
INFO:     127.0.0.1:55060 - "GET /api/articles/1/sources HTTP/1.1" 500 Internal Server Error
ERROR:    Exception in ASGI application
Traceback (most recent call last):
  File "D:\Delhi Protest\backend\.venv\Lib\site-packages\uvicorn\protocols\http\httptools_impl.py", line 399, in run_asgi
    result = await app(  # type: ignore[func-returns-value]
             ^^^^^^^^^^^^^^^^^^^^^^^^^^^^^^^^^^^^^^^^^^^^^^
        self.scope, self.receive, self.send
        ^^^^^^^^^^^^^^^^^^^^^^^^^^^^^^^^^^^
    )
    ^
  File "D:\Delhi Protest\backend\.venv\Lib\site-packages\uvicorn\middleware\proxy_headers.py", line 70, in __call__
    return await self.app(scope, receive, send)
           ^^^^^^^^^^^^^^^^^^^^^^^^^^^^^^^^^^^^
  File "D:\Delhi Protest\backend\.venv\Lib\site-packages\fastapi\applications.py", line 1054, in __call__
    await super().__call__(scope, receive, send)
  File "D:\Delhi Protest\backend\.venv\Lib\site-packages\starlette\applications.py", line 123, in __call__
    await self.middleware_stack(scope, receive, send)
  File "D:\Delhi Protest\backend\.venv\Lib\site-packages\starlette\middleware\errors.py", line 186, in __call__
    raise exc
  File "D:\Delhi Protest\backend\.venv\Lib\site-packages\starlette\middleware\errors.py", line 164, in __call__
    await self.app(scope, receive, _send)
  File "D:\Delhi Protest\backend\.venv\Lib\site-packages\starlette\middleware\cors.py", line 85, in __call__
    await self.app(scope, receive, send)
  File "D:\Delhi Protest\backend\.venv\Lib\site-packages\starlette\middleware\exceptions.py", line 65, in __call__
    await wrap_app_handling_exceptions(self.app, conn)(scope, receive, send)
  File "D:\Delhi Protest\backend\.venv\Lib\site-packages\starlette\_exception_handler.py", line 64, in wrapped_app
    raise exc
  File "D:\Delhi Protest\backend\.venv\Lib\site-packages\starlette\_exception_handler.py", line 53, in wrapped_app
    await app(scope, receive, sender)
  File "D:\Delhi Protest\backend\.venv\Lib\site-packages\starlette\routing.py", line 756, in __call__
    await self.middleware_stack(scope, receive, send)
  File "D:\Delhi Protest\backend\.venv\Lib\site-packages\starlette\routing.py", line 776, in app
    await route.handle(scope, receive, send)
  File "D:\Delhi Protest\backend\.venv\Lib\site-packages\starlette\routing.py", line 297, in handle
    await self.app(scope, receive, send)
  File "D:\Delhi Protest\backend\.venv\Lib\site-packages\starlette\routing.py", line 77, in app
    await wrap_app_handling_exceptions(app, request)(scope, receive, send)
  File "D:\Delhi Protest\backend\.venv\Lib\site-packages\starlette\_exception_handler.py", line 64, in wrapped_app
    raise exc
  File "D:\Delhi Protest\backend\.venv\Lib\site-packages\starlette\_exception_handler.py", line 53, in wrapped_app
    await app(scope, receive, sender)
  File "D:\Delhi Protest\backend\.venv\Lib\site-packages\starlette\routing.py", line 72, in app
    response = await func(request)
               ^^^^^^^^^^^^^^^^^^^
  File "D:\Delhi Protest\backend\.venv\Lib\site-packages\fastapi\routing.py", line 278, in app
    raw_response = await run_endpoint_function(
                   ^^^^^^^^^^^^^^^^^^^^^^^^^^^^
        dependant=dependant, values=values, is_coroutine=is_coroutine
        ^^^^^^^^^^^^^^^^^^^^^^^^^^^^^^^^^^^^^^^^^^^^^^^^^^^^^^^^^^^^^
    )
    ^
  File "D:\Delhi Protest\backend\.venv\Lib\site-packages\fastapi\routing.py", line 191, in run_endpoint_function
    return await dependant.call(**values)
           ^^^^^^^^^^^^^^^^^^^^^^^^^^^^^^
  File "D:\Delhi Protest\backend\app\routers\__init__.py", line 60, in get_article
    result = await db.execute(
              ^^^^^^^^^^^^^^^
  File "D:\Delhi Protest\backend\.venv\Lib\site-packages\sqlalchemy\orm\attributes.py", line 569, in __get__
    return self.impl.get(state, dict_)  # type: ignore[no-any-return]
           ~~~~~~~~~~~~~^^^^^^^^^^^^^^
  File "D:\Delhi Protest\backend\.venv\Lib\site-packages\sqlalchemy\orm\attributes.py", line 1096, in get
    value = self._fire_loader_callables(state, key, passive)
  File "D:\Delhi Protest\backend\.venv\Lib\site-packages\sqlalchemy\orm\attributes.py", line 1131, in _fire_loader_callables
    return self.callable_(state, passive)
           ~~~~~~~~~~~~~~^^^^^^^^^^^^^^^^
  File "D:\Delhi Protest\backend\.venv\Lib\site-packages\sqlalchemy\orm\strategies.py", line 978, in _load_for_state
    return self._emit_lazyload(
           ~~~~~~~~~~~~~~~~~~~^
        session,
        ^^^^^^^^
    ...<7 lines>...
        execution_options,
        ^^^^^^^^^^^^^^^^^^
    )
    ^
  File "D:\Delhi Protest\backend\.venv\Lib\site-packages\sqlalchemy\orm\strategies.py", line 1141, in _emit_lazyload
    result = session.execute(
        stmt, params, execution_options=execution_options
    )
  File "D:\Delhi Protest\backend\.venv\Lib\site-packages\sqlalchemy\orm\session.py", line 2373, in execute
    return self._execute_internal(
           ~~~~~~~~~~~~~~~~~~~~~~^
        statement,
        ^^^^^^^^^^
    ...<4 lines>...
        _add_event=_add_event,
        ^^^^^^^^^^^^^^^^^^^^^^
    )
    ^
  File "D:\Delhi Protest\backend\.venv\Lib\site-packages\sqlalchemy\orm\session.py", line 2271, in _execute_internal
    result: Result[Any] = compile_state_cls.orm_execute_statement(
                          ~~~~~~~~~~~~~~~~~~~~~~~~~~~~~~~~~~~~~~~^
        self,
        ^^^^^
    ...<4 lines>...
        conn,
        ^^^^^
    )
    ^
  File "D:\Delhi Protest\backend\.venv\Lib\site-packages\sqlalchemy\orm\context.py", line 306, in orm_execute_statement
    result = conn.execute(
        statement, params or {}, execution_options=execution_options
    )
  File "D:\Delhi Protest\backend\.venv\Lib\site-packages\sqlalchemy\engine\base.py", line 1421, in execute
    return meth(
        self,
        distilled_parameters,
        execution_options or NO_OPTIONS,
    )
  File "D:\Delhi Protest\backend\.venv\Lib\site-packages\sqlalchemy\sql\elements.py", line 526, in _execute_on_connection
    return connection._execute_clauseelement(
           ~~~~~~~~~~~~~~~~~~~~~~~~~~~~~~~~~^
        self, distilled_params, execution_options
        ^^^^^^^^^^^^^^^^^^^^^^^^^^^^^^^^^^^^^^^^^
    )
    ^
  File "D:\Delhi Protest\backend\.venv\Lib\site-packages\sqlalchemy\engine\base.py", line 1643, in _execute_clauseelement
    ret = self._execute_context(
        dialect,
    ...<8 lines>...
        cache_hit=cache_hit,
    )
  File "D:\Delhi Protest\backend\.venv\Lib\site-packages\sqlalchemy\engine\base.py", line 1848, in _execute_context
    return self._exec_single_context(
           ~~~~~~~~~~~~~~~~~~~~~~~~~^
        dialect, context, statement, parameters
        ^^^^^^^^^^^^^^^^^^^^^^^^^^^^^^^^^^^^^^^
    )
    ^
  File "D:\Delhi Protest\backend\.venv\Lib\site-packages\sqlalchemy\engine\base.py", line 1988, in _exec_single_context
    self._handle_dbapi_exception(
    ~~~~~~~~~~~~~~~~~~~~~~~~~~~~^
        e, str_statement, effective_parameters, cursor, context
        ^^^^^^^^^^^^^^^^^^^^^^^^^^^^^^^^^^^^^^^^^^^^^^^^^^^^^^^
    )
    ^
  File "D:\Delhi Protest\backend\.venv\Lib\site-packages\sqlalchemy\engine\base.py", line 2368, in _handle_dbapi_exception
    raise exc_info[1].with_traceback(exc_info[2])
  File "D:\Delhi Protest\backend\.venv\Lib\site-packages\sqlalchemy\engine\base.py", line 1969, in _exec_single_context
    self.dialect.do_execute(
    ~~~~~~~~~~~~~~~~~~~~~~~^
        cursor, str_statement, effective_parameters, context
        ^^^^^^^^^^^^^^^^^^^^^^^^^^^^^^^^^^^^^^^^^^^^^^^^^^^^
    )
    ^
  File "D:\Delhi Protest\backend\.venv\Lib\site-packages\sqlalchemy\engine\default.py", line 952, in do_execute
    cursor.execute(statement, parameters)
    ~~~~~~~~~~~~~~^^^^^^^^^^^^^^^^^^^^^^^
  File "D:\Delhi Protest\backend\.venv\Lib\site-packages\sqlalchemy\dialects\sqlite\aiosqlite.py", line 183, in execute
    self._adapt_connection._handle_exception(error)
    ~~~~~~~~~~~~~~~~~~~~~~~~~~~~~~~~~~~~~~~~^^^^^^^
  File "D:\Delhi Protest\backend\.venv\Lib\site-packages\sqlalchemy\dialects\sqlite\aiosqlite.py", line 343, in _handle_exception
    raise error
  File "D:\Delhi Protest\backend\.venv\Lib\site-packages\sqlalchemy\dialects\sqlite\aiosqlite.py", line 160, in execute
    _cursor: AsyncIODBAPICursor = self.await_(self._connection.cursor())  # type: ignore[arg-type] # noqa: E501
                                  ~~~~~~~~~~~^^^^^^^^^^^^^^^^^^^^^^^^^^^
  File "D:\Delhi Protest\backend\.venv\Lib\site-packages\sqlalchemy\util\_concurrency_py3k.py", line 123, in await_only
    raise exc.MissingGreenlet(
    ...<2 lines>...
    )
sqlalchemy.exc.MissingGreenlet: greenlet_spawn has not been called; can't call await_only() here. Was IO attempted in an unexpected place? (Background on this error at: https://sqlalche.me/e/20/xd2s)
INFO:     127.0.0.1:55061 - "GET /api/articles/1/sources HTTP/1.1" 500 Internal Server Error
ERROR:    Exception in ASGI application
Traceback (most recent call last):
  File "D:\Delhi Protest\backend\.venv\Lib\site-packages\uvicorn\protocols\http\httptools_impl.py", line 399, in run_asgi
    result = await app(  # type: ignore[func-returns-value]
             ^^^^^^^^^^^^^^^^^^^^^^^^^^^^^^^^^^^^^^^^^^^^^^
        self.scope, self.receive, self.send
        ^^^^^^^^^^^^^^^^^^^^^^^^^^^^^^^^^^^
    )
    ^
  File "D:\Delhi Protest\backend\.venv\Lib\site-packages\uvicorn\middleware\proxy_headers.py", line 70, in __call__
    return await self.app(scope, receive, send)
           ^^^^^^^^^^^^^^^^^^^^^^^^^^^^^^^^^^^^
  File "D:\Delhi Protest\backend\.venv\Lib\site-packages\fastapi\applications.py", line 1054, in __call__
    await super().__call__(scope, receive, send)
  File "D:\Delhi Protest\backend\.venv\Lib\site-packages\starlette\applications.py", line 123, in __call__
    await self.middleware_stack(scope, receive, send)
  File "D:\Delhi Protest\backend\.venv\Lib\site-packages\starlette\middleware\errors.py", line 186, in __call__
    raise exc
  File "D:\Delhi Protest\backend\.venv\Lib\site-packages\starlette\middleware\errors.py", line 164, in __call__
    await self.app(scope, receive, _send)
  File "D:\Delhi Protest\backend\.venv\Lib\site-packages\starlette\middleware\cors.py", line 85, in __call__
    await self.app(scope, receive, send)
  File "D:\Delhi Protest\backend\.venv\Lib\site-packages\starlette\middleware\exceptions.py", line 65, in __call__
    await wrap_app_handling_exceptions(self.app, conn)(scope, receive, send)
  File "D:\Delhi Protest\backend\.venv\Lib\site-packages\starlette\_exception_handler.py", line 64, in wrapped_app
    raise exc
  File "D:\Delhi Protest\backend\.venv\Lib\site-packages\starlette\_exception_handler.py", line 53, in wrapped_app
    await app(scope, receive, sender)
  File "D:\Delhi Protest\backend\.venv\Lib\site-packages\starlette\routing.py", line 756, in __call__
    await self.middleware_stack(scope, receive, send)
  File "D:\Delhi Protest\backend\.venv\Lib\site-packages\starlette\routing.py", line 776, in app
    await route.handle(scope, receive, send)
  File "D:\Delhi Protest\backend\.venv\Lib\site-packages\starlette\routing.py", line 297, in handle
    await self.app(scope, receive, send)
  File "D:\Delhi Protest\backend\.venv\Lib\site-packages\starlette\routing.py", line 77, in app
    await wrap_app_handling_exceptions(app, request)(scope, receive, send)
  File "D:\Delhi Protest\backend\.venv\Lib\site-packages\starlette\_exception_handler.py", line 64, in wrapped_app
    raise exc
  File "D:\Delhi Protest\backend\.venv\Lib\site-packages\starlette\_exception_handler.py", line 53, in wrapped_app
    await app(scope, receive, sender)
  File "D:\Delhi Protest\backend\.venv\Lib\site-packages\starlette\routing.py", line 72, in app
    response = await func(request)
               ^^^^^^^^^^^^^^^^^^^
  File "D:\Delhi Protest\backend\.venv\Lib\site-packages\fastapi\routing.py", line 278, in app
    raw_response = await run_endpoint_function(
                   ^^^^^^^^^^^^^^^^^^^^^^^^^^^^
        dependant=dependant, values=values, is_coroutine=is_coroutine
        ^^^^^^^^^^^^^^^^^^^^^^^^^^^^^^^^^^^^^^^^^^^^^^^^^^^^^^^^^^^^^
    )
    ^
  File "D:\Delhi Protest\backend\.venv\Lib\site-packages\fastapi\routing.py", line 191, in run_endpoint_function
    return await dependant.call(**values)
           ^^^^^^^^^^^^^^^^^^^^^^^^^^^^^^
  File "D:\Delhi Protest\backend\app\routers\__init__.py", line 60, in get_article
    result = await db.execute(
              ^^^^^^^^^^^^^^^
  File "D:\Delhi Protest\backend\.venv\Lib\site-packages\sqlalchemy\orm\attributes.py", line 569, in __get__
    return self.impl.get(state, dict_)  # type: ignore[no-any-return]
           ~~~~~~~~~~~~~^^^^^^^^^^^^^^
  File "D:\Delhi Protest\backend\.venv\Lib\site-packages\sqlalchemy\orm\attributes.py", line 1096, in get
    value = self._fire_loader_callables(state, key, passive)
  File "D:\Delhi Protest\backend\.venv\Lib\site-packages\sqlalchemy\orm\attributes.py", line 1131, in _fire_loader_callables
    return self.callable_(state, passive)
           ~~~~~~~~~~~~~~^^^^^^^^^^^^^^^^
  File "D:\Delhi Protest\backend\.venv\Lib\site-packages\sqlalchemy\orm\strategies.py", line 978, in _load_for_state
    return self._emit_lazyload(
           ~~~~~~~~~~~~~~~~~~~^
        session,
        ^^^^^^^^
    ...<7 lines>...
        execution_options,
        ^^^^^^^^^^^^^^^^^^
    )
    ^
  File "D:\Delhi Protest\backend\.venv\Lib\site-packages\sqlalchemy\orm\strategies.py", line 1141, in _emit_lazyload
    result = session.execute(
        stmt, params, execution_options=execution_options
    )
  File "D:\Delhi Protest\backend\.venv\Lib\site-packages\sqlalchemy\orm\session.py", line 2373, in execute
    return self._execute_internal(
           ~~~~~~~~~~~~~~~~~~~~~~^
        statement,
        ^^^^^^^^^^
    ...<4 lines>...
        _add_event=_add_event,
        ^^^^^^^^^^^^^^^^^^^^^^
    )
    ^
  File "D:\Delhi Protest\backend\.venv\Lib\site-packages\sqlalchemy\orm\session.py", line 2271, in _execute_internal
    result: Result[Any] = compile_state_cls.orm_execute_statement(
                          ~~~~~~~~~~~~~~~~~~~~~~~~~~~~~~~~~~~~~~~^
        self,
        ^^^^^
    ...<4 lines>...
        conn,
        ^^^^^
    )
    ^
  File "D:\Delhi Protest\backend\.venv\Lib\site-packages\sqlalchemy\orm\context.py", line 306, in orm_execute_statement
    result = conn.execute(
        statement, params or {}, execution_options=execution_options
    )
  File "D:\Delhi Protest\backend\.venv\Lib\site-packages\sqlalchemy\engine\base.py", line 1421, in execute
    return meth(
        self,
        distilled_parameters,
        execution_options or NO_OPTIONS,
    )
  File "D:\Delhi Protest\backend\.venv\Lib\site-packages\sqlalchemy\sql\elements.py", line 526, in _execute_on_connection
    return connection._execute_clauseelement(
           ~~~~~~~~~~~~~~~~~~~~~~~~~~~~~~~~~^
        self, distilled_params, execution_options
        ^^^^^^^^^^^^^^^^^^^^^^^^^^^^^^^^^^^^^^^^^
    )
    ^
  File "D:\Delhi Protest\backend\.venv\Lib\site-packages\sqlalchemy\engine\base.py", line 1643, in _execute_clauseelement
    ret = self._execute_context(
        dialect,
    ...<8 lines>...
        cache_hit=cache_hit,
    )
  File "D:\Delhi Protest\backend\.venv\Lib\site-packages\sqlalchemy\engine\base.py", line 1848, in _execute_context
    return self._exec_single_context(
           ~~~~~~~~~~~~~~~~~~~~~~~~~^
        dialect, context, statement, parameters
        ^^^^^^^^^^^^^^^^^^^^^^^^^^^^^^^^^^^^^^^
    )
    ^
  File "D:\Delhi Protest\backend\.venv\Lib\site-packages\sqlalchemy\engine\base.py", line 1988, in _exec_single_context
    self._handle_dbapi_exception(
    ~~~~~~~~~~~~~~~~~~~~~~~~~~~~^
        e, str_statement, effective_parameters, cursor, context
        ^^^^^^^^^^^^^^^^^^^^^^^^^^^^^^^^^^^^^^^^^^^^^^^^^^^^^^^
    )
    ^
  File "D:\Delhi Protest\backend\.venv\Lib\site-packages\sqlalchemy\engine\base.py", line 2368, in _handle_dbapi_exception
    raise exc_info[1].with_traceback(exc_info[2])
  File "D:\Delhi Protest\backend\.venv\Lib\site-packages\sqlalchemy\engine\base.py", line 1969, in _exec_single_context
    self.dialect.do_execute(
    ~~~~~~~~~~~~~~~~~~~~~~~^
        cursor, str_statement, effective_parameters, context
        ^^^^^^^^^^^^^^^^^^^^^^^^^^^^^^^^^^^^^^^^^^^^^^^^^^^^
    )
    ^
  File "D:\Delhi Protest\backend\.venv\Lib\site-packages\sqlalchemy\engine\default.py", line 952, in do_execute
    cursor.execute(statement, parameters)
    ~~~~~~~~~~~~~~^^^^^^^^^^^^^^^^^^^^^^^
  File "D:\Delhi Protest\backend\.venv\Lib\site-packages\sqlalchemy\dialects\sqlite\aiosqlite.py", line 183, in execute
    self._adapt_connection._handle_exception(error)
    ~~~~~~~~~~~~~~~~~~~~~~~~~~~~~~~~~~~~~~~~^^^^^^^
  File "D:\Delhi Protest\backend\.venv\Lib\site-packages\sqlalchemy\dialects\sqlite\aiosqlite.py", line 343, in _handle_exception
    raise error
  File "D:\Delhi Protest\backend\.venv\Lib\site-packages\sqlalchemy\dialects\sqlite\aiosqlite.py", line 160, in execute
    _cursor: AsyncIODBAPICursor = self.await_(self._connection.cursor())  # type: ignore[arg-type] # noqa: E501
                                  ~~~~~~~~~~~^^^^^^^^^^^^^^^^^^^^^^^^^^^
  File "D:\Delhi Protest\backend\.venv\Lib\site-packages\sqlalchemy\util\_concurrency_py3k.py", line 123, in await_only
    raise exc.MissingGreenlet(
    ...<2 lines>...
    )
sqlalchemy.exc.MissingGreenlet: greenlet_spawn has not been called; can't call await_only() here. Was IO attempted in an unexpected place? (Background on this error at: https://sqlalche.me/e/20/xd2s)
INFO:     127.0.0.1:62743 - "GET /api/articles/1/sources HTTP/1.1" 500 Internal Server Error
ERROR:    Exception in ASGI application
Traceback (most recent call last):
  File "D:\Delhi Protest\backend\.venv\Lib\site-packages\uvicorn\protocols\http\httptools_impl.py", line 399, in run_asgi
    result = await app(  # type: ignore[func-returns-value]
             ^^^^^^^^^^^^^^^^^^^^^^^^^^^^^^^^^^^^^^^^^^^^^^
        self.scope, self.receive, self.send
        ^^^^^^^^^^^^^^^^^^^^^^^^^^^^^^^^^^^
    )
    ^
  File "D:\Delhi Protest\backend\.venv\Lib\site-packages\uvicorn\middleware\proxy_headers.py", line 70, in __call__
    return await self.app(scope, receive, send)
           ^^^^^^^^^^^^^^^^^^^^^^^^^^^^^^^^^^^^
  File "D:\Delhi Protest\backend\.venv\Lib\site-packages\fastapi\applications.py", line 1054, in __call__
    await super().__call__(scope, receive, send)
  File "D:\Delhi Protest\backend\.venv\Lib\site-packages\starlette\applications.py", line 123, in __call__
    await self.middleware_stack(scope, receive, send)
  File "D:\Delhi Protest\backend\.venv\Lib\site-packages\starlette\middleware\errors.py", line 186, in __call__
    raise exc
  File "D:\Delhi Protest\backend\.venv\Lib\site-packages\starlette\middleware\errors.py", line 164, in __call__
    await self.app(scope, receive, _send)
  File "D:\Delhi Protest\backend\.venv\Lib\site-packages\starlette\middleware\cors.py", line 85, in __call__
    await self.app(scope, receive, send)
  File "D:\Delhi Protest\backend\.venv\Lib\site-packages\starlette\middleware\exceptions.py", line 65, in __call__
    await wrap_app_handling_exceptions(self.app, conn)(scope, receive, send)
  File "D:\Delhi Protest\backend\.venv\Lib\site-packages\starlette\_exception_handler.py", line 64, in wrapped_app
    raise exc
  File "D:\Delhi Protest\backend\.venv\Lib\site-packages\starlette\_exception_handler.py", line 53, in wrapped_app
    await app(scope, receive, sender)
  File "D:\Delhi Protest\backend\.venv\Lib\site-packages\starlette\routing.py", line 756, in __call__
    await self.middleware_stack(scope, receive, send)
  File "D:\Delhi Protest\backend\.venv\Lib\site-packages\starlette\routing.py", line 776, in app
    await route.handle(scope, receive, send)
  File "D:\Delhi Protest\backend\.venv\Lib\site-packages\starlette\routing.py", line 297, in handle
    await self.app(scope, receive, send)
  File "D:\Delhi Protest\backend\.venv\Lib\site-packages\starlette\routing.py", line 77, in app
    await wrap_app_handling_exceptions(app, request)(scope, receive, send)
  File "D:\Delhi Protest\backend\.venv\Lib\site-packages\starlette\_exception_handler.py", line 64, in wrapped_app
    raise exc
  File "D:\Delhi Protest\backend\.venv\Lib\site-packages\starlette\_exception_handler.py", line 53, in wrapped_app
    await app(scope, receive, sender)
  File "D:\Delhi Protest\backend\.venv\Lib\site-packages\starlette\routing.py", line 72, in app
    response = await func(request)
               ^^^^^^^^^^^^^^^^^^^
  File "D:\Delhi Protest\backend\.venv\Lib\site-packages\fastapi\routing.py", line 278, in app
    raw_response = await run_endpoint_function(
                   ^^^^^^^^^^^^^^^^^^^^^^^^^^^^
        dependant=dependant, values=values, is_coroutine=is_coroutine
        ^^^^^^^^^^^^^^^^^^^^^^^^^^^^^^^^^^^^^^^^^^^^^^^^^^^^^^^^^^^^^
    )
    ^
  File "D:\Delhi Protest\backend\.venv\Lib\site-packages\fastapi\routing.py", line 191, in run_endpoint_function
    return await dependant.call(**values)
           ^^^^^^^^^^^^^^^^^^^^^^^^^^^^^^
  File "D:\Delhi Protest\backend\app\routers\__init__.py", line 60, in get_article
    result = await db.execute(
              ^^^^^^^^^^^^^^^
  File "D:\Delhi Protest\backend\.venv\Lib\site-packages\sqlalchemy\orm\attributes.py", line 569, in __get__
    return self.impl.get(state, dict_)  # type: ignore[no-any-return]
           ~~~~~~~~~~~~~^^^^^^^^^^^^^^
  File "D:\Delhi Protest\backend\.venv\Lib\site-packages\sqlalchemy\orm\attributes.py", line 1096, in get
    value = self._fire_loader_callables(state, key, passive)
  File "D:\Delhi Protest\backend\.venv\Lib\site-packages\sqlalchemy\orm\attributes.py", line 1131, in _fire_loader_callables
    return self.callable_(state, passive)
           ~~~~~~~~~~~~~~^^^^^^^^^^^^^^^^
  File "D:\Delhi Protest\backend\.venv\Lib\site-packages\sqlalchemy\orm\strategies.py", line 978, in _load_for_state
    return self._emit_lazyload(
           ~~~~~~~~~~~~~~~~~~~^
        session,
        ^^^^^^^^
    ...<7 lines>...
        execution_options,
        ^^^^^^^^^^^^^^^^^^
    )
    ^
  File "D:\Delhi Protest\backend\.venv\Lib\site-packages\sqlalchemy\orm\strategies.py", line 1141, in _emit_lazyload
    result = session.execute(
        stmt, params, execution_options=execution_options
    )
  File "D:\Delhi Protest\backend\.venv\Lib\site-packages\sqlalchemy\orm\session.py", line 2373, in execute
    return self._execute_internal(
           ~~~~~~~~~~~~~~~~~~~~~~^
        statement,
        ^^^^^^^^^^
    ...<4 lines>...
        _add_event=_add_event,
        ^^^^^^^^^^^^^^^^^^^^^^
    )
    ^
  File "D:\Delhi Protest\backend\.venv\Lib\site-packages\sqlalchemy\orm\session.py", line 2271, in _execute_internal
    result: Result[Any] = compile_state_cls.orm_execute_statement(
                          ~~~~~~~~~~~~~~~~~~~~~~~~~~~~~~~~~~~~~~~^
        self,
        ^^^^^
    ...<4 lines>...
        conn,
        ^^^^^
    )
    ^
  File "D:\Delhi Protest\backend\.venv\Lib\site-packages\sqlalchemy\orm\context.py", line 306, in orm_execute_statement
    result = conn.execute(
        statement, params or {}, execution_options=execution_options
    )
  File "D:\Delhi Protest\backend\.venv\Lib\site-packages\sqlalchemy\engine\base.py", line 1421, in execute
    return meth(
        self,
        distilled_parameters,
        execution_options or NO_OPTIONS,
    )
  File "D:\Delhi Protest\backend\.venv\Lib\site-packages\sqlalchemy\sql\elements.py", line 526, in _execute_on_connection
    return connection._execute_clauseelement(
           ~~~~~~~~~~~~~~~~~~~~~~~~~~~~~~~~~^
        self, distilled_params, execution_options
        ^^^^^^^^^^^^^^^^^^^^^^^^^^^^^^^^^^^^^^^^^
    )
    ^
  File "D:\Delhi Protest\backend\.venv\Lib\site-packages\sqlalchemy\engine\base.py", line 1643, in _execute_clauseelement
    ret = self._execute_context(
        dialect,
    ...<8 lines>...
        cache_hit=cache_hit,
    )
  File "D:\Delhi Protest\backend\.venv\Lib\site-packages\sqlalchemy\engine\base.py", line 1848, in _execute_context
    return self._exec_single_context(
           ~~~~~~~~~~~~~~~~~~~~~~~~~^
        dialect, context, statement, parameters
        ^^^^^^^^^^^^^^^^^^^^^^^^^^^^^^^^^^^^^^^
    )
    ^
  File "D:\Delhi Protest\backend\.venv\Lib\site-packages\sqlalchemy\engine\base.py", line 1988, in _exec_single_context
    self._handle_dbapi_exception(
    ~~~~~~~~~~~~~~~~~~~~~~~~~~~~^
        e, str_statement, effective_parameters, cursor, context
        ^^^^^^^^^^^^^^^^^^^^^^^^^^^^^^^^^^^^^^^^^^^^^^^^^^^^^^^
    )
    ^
  File "D:\Delhi Protest\backend\.venv\Lib\site-packages\sqlalchemy\engine\base.py", line 2368, in _handle_dbapi_exception
    raise exc_info[1].with_traceback(exc_info[2])
  File "D:\Delhi Protest\backend\.venv\Lib\site-packages\sqlalchemy\engine\base.py", line 1969, in _exec_single_context
    self.dialect.do_execute(
    ~~~~~~~~~~~~~~~~~~~~~~~^
        cursor, str_statement, effective_parameters, context
        ^^^^^^^^^^^^^^^^^^^^^^^^^^^^^^^^^^^^^^^^^^^^^^^^^^^^
    )
    ^
  File "D:\Delhi Protest\backend\.venv\Lib\site-packages\sqlalchemy\engine\default.py", line 952, in do_execute
    cursor.execute(statement, parameters)
    ~~~~~~~~~~~~~~^^^^^^^^^^^^^^^^^^^^^^^
  File "D:\Delhi Protest\backend\.venv\Lib\site-packages\sqlalchemy\dialects\sqlite\aiosqlite.py", line 183, in execute
    self._adapt_connection._handle_exception(error)
    ~~~~~~~~~~~~~~~~~~~~~~~~~~~~~~~~~~~~~~~~^^^^^^^
  File "D:\Delhi Protest\backend\.venv\Lib\site-packages\sqlalchemy\dialects\sqlite\aiosqlite.py", line 343, in _handle_exception
    raise error
  File "D:\Delhi Protest\backend\.venv\Lib\site-packages\sqlalchemy\dialects\sqlite\aiosqlite.py", line 160, in execute
    _cursor: AsyncIODBAPICursor = self.await_(self._connection.cursor())  # type: ignore[arg-type] # noqa: E501
                                  ~~~~~~~~~~~^^^^^^^^^^^^^^^^^^^^^^^^^^^
  File "D:\Delhi Protest\backend\.venv\Lib\site-packages\sqlalchemy\util\_concurrency_py3k.py", line 123, in await_only
    raise exc.MissingGreenlet(
    ...<2 lines>...
    )
sqlalchemy.exc.MissingGreenlet: greenlet_spawn has not been called; can't call await_only() here. Was IO attempted in an unexpected place? (Background on this error at: https://sqlalche.me/e/20/xd2s)
INFO:     127.0.0.1:62747 - "GET /api/articles/1/sources HTTP/1.1" 500 Internal Server Error
ERROR:    Exception in ASGI application
Traceback (most recent call last):
  File "D:\Delhi Protest\backend\.venv\Lib\site-packages\uvicorn\protocols\http\httptools_impl.py", line 399, in run_asgi
    result = await app(  # type: ignore[func-returns-value]
             ^^^^^^^^^^^^^^^^^^^^^^^^^^^^^^^^^^^^^^^^^^^^^^
        self.scope, self.receive, self.send
        ^^^^^^^^^^^^^^^^^^^^^^^^^^^^^^^^^^^
    )
    ^
  File "D:\Delhi Protest\backend\.venv\Lib\site-packages\uvicorn\middleware\proxy_headers.py", line 70, in __call__
    return await self.app(scope, receive, send)
           ^^^^^^^^^^^^^^^^^^^^^^^^^^^^^^^^^^^^
  File "D:\Delhi Protest\backend\.venv\Lib\site-packages\fastapi\applications.py", line 1054, in __call__
    await super().__call__(scope, receive, send)
  File "D:\Delhi Protest\backend\.venv\Lib\site-packages\starlette\applications.py", line 123, in __call__
    await self.middleware_stack(scope, receive, send)
  File "D:\Delhi Protest\backend\.venv\Lib\site-packages\starlette\middleware\errors.py", line 186, in __call__
    raise exc
  File "D:\Delhi Protest\backend\.venv\Lib\site-packages\starlette\middleware\errors.py", line 164, in __call__
    await self.app(scope, receive, _send)
  File "D:\Delhi Protest\backend\.venv\Lib\site-packages\starlette\middleware\cors.py", line 85, in __call__
    await self.app(scope, receive, send)
  File "D:\Delhi Protest\backend\.venv\Lib\site-packages\starlette\middleware\exceptions.py", line 65, in __call__
    await wrap_app_handling_exceptions(self.app, conn)(scope, receive, send)
  File "D:\Delhi Protest\backend\.venv\Lib\site-packages\starlette\_exception_handler.py", line 64, in wrapped_app
    raise exc
  File "D:\Delhi Protest\backend\.venv\Lib\site-packages\starlette\_exception_handler.py", line 53, in wrapped_app
    await app(scope, receive, sender)
  File "D:\Delhi Protest\backend\.venv\Lib\site-packages\starlette\routing.py", line 756, in __call__
    await self.middleware_stack(scope, receive, send)
  File "D:\Delhi Protest\backend\.venv\Lib\site-packages\starlette\routing.py", line 776, in app
    await route.handle(scope, receive, send)
  File "D:\Delhi Protest\backend\.venv\Lib\site-packages\starlette\routing.py", line 297, in handle
    await self.app(scope, receive, send)
  File "D:\Delhi Protest\backend\.venv\Lib\site-packages\starlette\routing.py", line 77, in app
    await wrap_app_handling_exceptions(app, request)(scope, receive, send)
  File "D:\Delhi Protest\backend\.venv\Lib\site-packages\starlette\_exception_handler.py", line 64, in wrapped_app
    raise exc
  File "D:\Delhi Protest\backend\.venv\Lib\site-packages\starlette\_exception_handler.py", line 53, in wrapped_app
    await app(scope, receive, sender)
  File "D:\Delhi Protest\backend\.venv\Lib\site-packages\starlette\routing.py", line 72, in app
    response = await func(request)
               ^^^^^^^^^^^^^^^^^^^
  File "D:\Delhi Protest\backend\.venv\Lib\site-packages\fastapi\routing.py", line 278, in app
    raw_response = await run_endpoint_function(
                   ^^^^^^^^^^^^^^^^^^^^^^^^^^^^
        dependant=dependant, values=values, is_coroutine=is_coroutine
        ^^^^^^^^^^^^^^^^^^^^^^^^^^^^^^^^^^^^^^^^^^^^^^^^^^^^^^^^^^^^^
    )
    ^
  File "D:\Delhi Protest\backend\.venv\Lib\site-packages\fastapi\routing.py", line 191, in run_endpoint_function
    return await dependant.call(**values)
           ^^^^^^^^^^^^^^^^^^^^^^^^^^^^^^
  File "D:\Delhi Protest\backend\app\routers\__init__.py", line 60, in get_article
    result = await db.execute(
              ^^^^^^^^^^^^^^^
  File "D:\Delhi Protest\backend\.venv\Lib\site-packages\sqlalchemy\orm\attributes.py", line 569, in __get__
    return self.impl.get(state, dict_)  # type: ignore[no-any-return]
           ~~~~~~~~~~~~~^^^^^^^^^^^^^^
  File "D:\Delhi Protest\backend\.venv\Lib\site-packages\sqlalchemy\orm\attributes.py", line 1096, in get
    value = self._fire_loader_callables(state, key, passive)
  File "D:\Delhi Protest\backend\.venv\Lib\site-packages\sqlalchemy\orm\attributes.py", line 1131, in _fire_loader_callables
    return self.callable_(state, passive)
           ~~~~~~~~~~~~~~^^^^^^^^^^^^^^^^
  File "D:\Delhi Protest\backend\.venv\Lib\site-packages\sqlalchemy\orm\strategies.py", line 978, in _load_for_state
    return self._emit_lazyload(
           ~~~~~~~~~~~~~~~~~~~^
        session,
        ^^^^^^^^
    ...<7 lines>...
        execution_options,
        ^^^^^^^^^^^^^^^^^^
    )
    ^
  File "D:\Delhi Protest\backend\.venv\Lib\site-packages\sqlalchemy\orm\strategies.py", line 1141, in _emit_lazyload
    result = session.execute(
        stmt, params, execution_options=execution_options
    )
  File "D:\Delhi Protest\backend\.venv\Lib\site-packages\sqlalchemy\orm\session.py", line 2373, in execute
    return self._execute_internal(
           ~~~~~~~~~~~~~~~~~~~~~~^
        statement,
        ^^^^^^^^^^
    ...<4 lines>...
        _add_event=_add_event,
        ^^^^^^^^^^^^^^^^^^^^^^
    )
    ^
  File "D:\Delhi Protest\backend\.venv\Lib\site-packages\sqlalchemy\orm\session.py", line 2271, in _execute_internal
    result: Result[Any] = compile_state_cls.orm_execute_statement(
                          ~~~~~~~~~~~~~~~~~~~~~~~~~~~~~~~~~~~~~~~^
        self,
        ^^^^^
    ...<4 lines>...
        conn,
        ^^^^^
    )
    ^
  File "D:\Delhi Protest\backend\.venv\Lib\site-packages\sqlalchemy\orm\context.py", line 306, in orm_execute_statement
    result = conn.execute(
        statement, params or {}, execution_options=execution_options
    )
  File "D:\Delhi Protest\backend\.venv\Lib\site-packages\sqlalchemy\engine\base.py", line 1421, in execute
    return meth(
        self,
        distilled_parameters,
        execution_options or NO_OPTIONS,
    )
  File "D:\Delhi Protest\backend\.venv\Lib\site-packages\sqlalchemy\sql\elements.py", line 526, in _execute_on_connection
    return connection._execute_clauseelement(
           ~~~~~~~~~~~~~~~~~~~~~~~~~~~~~~~~~^
        self, distilled_params, execution_options
        ^^^^^^^^^^^^^^^^^^^^^^^^^^^^^^^^^^^^^^^^^
    )
    ^
  File "D:\Delhi Protest\backend\.venv\Lib\site-packages\sqlalchemy\engine\base.py", line 1643, in _execute_clauseelement
    ret = self._execute_context(
        dialect,
    ...<8 lines>...
        cache_hit=cache_hit,
    )
  File "D:\Delhi Protest\backend\.venv\Lib\site-packages\sqlalchemy\engine\base.py", line 1848, in _execute_context
    return self._exec_single_context(
           ~~~~~~~~~~~~~~~~~~~~~~~~~^
        dialect, context, statement, parameters
        ^^^^^^^^^^^^^^^^^^^^^^^^^^^^^^^^^^^^^^^
    )
    ^
  File "D:\Delhi Protest\backend\.venv\Lib\site-packages\sqlalchemy\engine\base.py", line 1988, in _exec_single_context
    self._handle_dbapi_exception(
    ~~~~~~~~~~~~~~~~~~~~~~~~~~~~^
        e, str_statement, effective_parameters, cursor, context
        ^^^^^^^^^^^^^^^^^^^^^^^^^^^^^^^^^^^^^^^^^^^^^^^^^^^^^^^
    )
    ^
  File "D:\Delhi Protest\backend\.venv\Lib\site-packages\sqlalchemy\engine\base.py", line 2368, in _handle_dbapi_exception
    raise exc_info[1].with_traceback(exc_info[2])
  File "D:\Delhi Protest\backend\.venv\Lib\site-packages\sqlalchemy\engine\base.py", line 1969, in _exec_single_context
    self.dialect.do_execute(
    ~~~~~~~~~~~~~~~~~~~~~~~^
        cursor, str_statement, effective_parameters, context
        ^^^^^^^^^^^^^^^^^^^^^^^^^^^^^^^^^^^^^^^^^^^^^^^^^^^^
    )
    ^
  File "D:\Delhi Protest\backend\.venv\Lib\site-packages\sqlalchemy\engine\default.py", line 952, in do_execute
    cursor.execute(statement, parameters)
    ~~~~~~~~~~~~~~^^^^^^^^^^^^^^^^^^^^^^^
  File "D:\Delhi Protest\backend\.venv\Lib\site-packages\sqlalchemy\dialects\sqlite\aiosqlite.py", line 183, in execute
    self._adapt_connection._handle_exception(error)
    ~~~~~~~~~~~~~~~~~~~~~~~~~~~~~~~~~~~~~~~~^^^^^^^
  File "D:\Delhi Protest\backend\.venv\Lib\site-packages\sqlalchemy\dialects\sqlite\aiosqlite.py", line 343, in _handle_exception
    raise error
  File "D:\Delhi Protest\backend\.venv\Lib\site-packages\sqlalchemy\dialects\sqlite\aiosqlite.py", line 160, in execute
    _cursor: AsyncIODBAPICursor = self.await_(self._connection.cursor())  # type: ignore[arg-type] # noqa: E501
                                  ~~~~~~~~~~~^^^^^^^^^^^^^^^^^^^^^^^^^^^
  File "D:\Delhi Protest\backend\.venv\Lib\site-packages\sqlalchemy\util\_concurrency_py3k.py", line 123, in await_only
    raise exc.MissingGreenlet(
    ...<2 lines>...
    )
sqlalchemy.exc.MissingGreenlet: greenlet_spawn has not been called; can't call await_only() here. Was IO attempted in an unexpected place? (Background on this error at: https://sqlalche.me/e/20/xd2s)
INFO:     127.0.0.1:62763 - "GET /api/articles/1/sources HTTP/1.1" 500 Internal Server Error
ERROR:    Exception in ASGI application
Traceback (most recent call last):
  File "D:\Delhi Protest\backend\.venv\Lib\site-packages\uvicorn\protocols\http\httptools_impl.py", line 399, in run_asgi
    result = await app(  # type: ignore[func-returns-value]
             ^^^^^^^^^^^^^^^^^^^^^^^^^^^^^^^^^^^^^^^^^^^^^^
        self.scope, self.receive, self.send
        ^^^^^^^^^^^^^^^^^^^^^^^^^^^^^^^^^^^
    )
    ^
  File "D:\Delhi Protest\backend\.venv\Lib\site-packages\uvicorn\middleware\proxy_headers.py", line 70, in __call__
    return await self.app(scope, receive, send)
           ^^^^^^^^^^^^^^^^^^^^^^^^^^^^^^^^^^^^
  File "D:\Delhi Protest\backend\.venv\Lib\site-packages\fastapi\applications.py", line 1054, in __call__
    await super().__call__(scope, receive, send)
  File "D:\Delhi Protest\backend\.venv\Lib\site-packages\starlette\applications.py", line 123, in __call__
    await self.middleware_stack(scope, receive, send)
  File "D:\Delhi Protest\backend\.venv\Lib\site-packages\starlette\middleware\errors.py", line 186, in __call__
    raise exc
  File "D:\Delhi Protest\backend\.venv\Lib\site-packages\starlette\middleware\errors.py", line 164, in __call__
    await self.app(scope, receive, _send)
  File "D:\Delhi Protest\backend\.venv\Lib\site-packages\starlette\middleware\cors.py", line 85, in __call__
    await self.app(scope, receive, send)
  File "D:\Delhi Protest\backend\.venv\Lib\site-packages\starlette\middleware\exceptions.py", line 65, in __call__
    await wrap_app_handling_exceptions(self.app, conn)(scope, receive, send)
  File "D:\Delhi Protest\backend\.venv\Lib\site-packages\starlette\_exception_handler.py", line 64, in wrapped_app
    raise exc
  File "D:\Delhi Protest\backend\.venv\Lib\site-packages\starlette\_exception_handler.py", line 53, in wrapped_app
    await app(scope, receive, sender)
  File "D:\Delhi Protest\backend\.venv\Lib\site-packages\starlette\routing.py", line 756, in __call__
    await self.middleware_stack(scope, receive, send)
  File "D:\Delhi Protest\backend\.venv\Lib\site-packages\starlette\routing.py", line 776, in app
    await route.handle(scope, receive, send)
  File "D:\Delhi Protest\backend\.venv\Lib\site-packages\starlette\routing.py", line 297, in handle
    await self.app(scope, receive, send)
  File "D:\Delhi Protest\backend\.venv\Lib\site-packages\starlette\routing.py", line 77, in app
    await wrap_app_handling_exceptions(app, request)(scope, receive, send)
  File "D:\Delhi Protest\backend\.venv\Lib\site-packages\starlette\_exception_handler.py", line 64, in wrapped_app
    raise exc
  File "D:\Delhi Protest\backend\.venv\Lib\site-packages\starlette\_exception_handler.py", line 53, in wrapped_app
    await app(scope, receive, sender)
  File "D:\Delhi Protest\backend\.venv\Lib\site-packages\starlette\routing.py", line 72, in app
    response = await func(request)
               ^^^^^^^^^^^^^^^^^^^
  File "D:\Delhi Protest\backend\.venv\Lib\site-packages\fastapi\routing.py", line 278, in app
    raw_response = await run_endpoint_function(
                   ^^^^^^^^^^^^^^^^^^^^^^^^^^^^
        dependant=dependant, values=values, is_coroutine=is_coroutine
        ^^^^^^^^^^^^^^^^^^^^^^^^^^^^^^^^^^^^^^^^^^^^^^^^^^^^^^^^^^^^^
    )
    ^
  File "D:\Delhi Protest\backend\.venv\Lib\site-packages\fastapi\routing.py", line 191, in run_endpoint_function
    return await dependant.call(**values)
           ^^^^^^^^^^^^^^^^^^^^^^^^^^^^^^
  File "D:\Delhi Protest\backend\app\routers\__init__.py", line 60, in get_article
    result = await db.execute(
              ^^^^^^^^^^^^^^^
  File "D:\Delhi Protest\backend\.venv\Lib\site-packages\sqlalchemy\orm\attributes.py", line 569, in __get__
    return self.impl.get(state, dict_)  # type: ignore[no-any-return]
           ~~~~~~~~~~~~~^^^^^^^^^^^^^^
  File "D:\Delhi Protest\backend\.venv\Lib\site-packages\sqlalchemy\orm\attributes.py", line 1096, in get
    value = self._fire_loader_callables(state, key, passive)
  File "D:\Delhi Protest\backend\.venv\Lib\site-packages\sqlalchemy\orm\attributes.py", line 1131, in _fire_loader_callables
    return self.callable_(state, passive)
           ~~~~~~~~~~~~~~^^^^^^^^^^^^^^^^
  File "D:\Delhi Protest\backend\.venv\Lib\site-packages\sqlalchemy\orm\strategies.py", line 978, in _load_for_state
    return self._emit_lazyload(
           ~~~~~~~~~~~~~~~~~~~^
        session,
        ^^^^^^^^
    ...<7 lines>...
        execution_options,
        ^^^^^^^^^^^^^^^^^^
    )
    ^
  File "D:\Delhi Protest\backend\.venv\Lib\site-packages\sqlalchemy\orm\strategies.py", line 1141, in _emit_lazyload
    result = session.execute(
        stmt, params, execution_options=execution_options
    )
  File "D:\Delhi Protest\backend\.venv\Lib\site-packages\sqlalchemy\orm\session.py", line 2373, in execute
    return self._execute_internal(
           ~~~~~~~~~~~~~~~~~~~~~~^
        statement,
        ^^^^^^^^^^
    ...<4 lines>...
        _add_event=_add_event,
        ^^^^^^^^^^^^^^^^^^^^^^
    )
    ^
  File "D:\Delhi Protest\backend\.venv\Lib\site-packages\sqlalchemy\orm\session.py", line 2271, in _execute_internal
    result: Result[Any] = compile_state_cls.orm_execute_statement(
                          ~~~~~~~~~~~~~~~~~~~~~~~~~~~~~~~~~~~~~~~^
        self,
        ^^^^^
    ...<4 lines>...
        conn,
        ^^^^^
    )
    ^
  File "D:\Delhi Protest\backend\.venv\Lib\site-packages\sqlalchemy\orm\context.py", line 306, in orm_execute_statement
    result = conn.execute(
        statement, params or {}, execution_options=execution_options
    )
  File "D:\Delhi Protest\backend\.venv\Lib\site-packages\sqlalchemy\engine\base.py", line 1421, in execute
    return meth(
        self,
        distilled_parameters,
        execution_options or NO_OPTIONS,
    )
  File "D:\Delhi Protest\backend\.venv\Lib\site-packages\sqlalchemy\sql\elements.py", line 526, in _execute_on_connection
    return connection._execute_clauseelement(
           ~~~~~~~~~~~~~~~~~~~~~~~~~~~~~~~~~^
        self, distilled_params, execution_options
        ^^^^^^^^^^^^^^^^^^^^^^^^^^^^^^^^^^^^^^^^^
    )
    ^
  File "D:\Delhi Protest\backend\.venv\Lib\site-packages\sqlalchemy\engine\base.py", line 1643, in _execute_clauseelement
    ret = self._execute_context(
        dialect,
    ...<8 lines>...
        cache_hit=cache_hit,
    )
  File "D:\Delhi Protest\backend\.venv\Lib\site-packages\sqlalchemy\engine\base.py", line 1848, in _execute_context
    return self._exec_single_context(
           ~~~~~~~~~~~~~~~~~~~~~~~~~^
        dialect, context, statement, parameters
        ^^^^^^^^^^^^^^^^^^^^^^^^^^^^^^^^^^^^^^^
    )
    ^
  File "D:\Delhi Protest\backend\.venv\Lib\site-packages\sqlalchemy\engine\base.py", line 1988, in _exec_single_context
    self._handle_dbapi_exception(
    ~~~~~~~~~~~~~~~~~~~~~~~~~~~~^
        e, str_statement, effective_parameters, cursor, context
        ^^^^^^^^^^^^^^^^^^^^^^^^^^^^^^^^^^^^^^^^^^^^^^^^^^^^^^^
    )
    ^
  File "D:\Delhi Protest\backend\.venv\Lib\site-packages\sqlalchemy\engine\base.py", line 2368, in _handle_dbapi_exception
    raise exc_info[1].with_traceback(exc_info[2])
  File "D:\Delhi Protest\backend\.venv\Lib\site-packages\sqlalchemy\engine\base.py", line 1969, in _exec_single_context
    self.dialect.do_execute(
    ~~~~~~~~~~~~~~~~~~~~~~~^
        cursor, str_statement, effective_parameters, context
        ^^^^^^^^^^^^^^^^^^^^^^^^^^^^^^^^^^^^^^^^^^^^^^^^^^^^
    )
    ^
  File "D:\Delhi Protest\backend\.venv\Lib\site-packages\sqlalchemy\engine\default.py", line 952, in do_execute
    cursor.execute(statement, parameters)
    ~~~~~~~~~~~~~~^^^^^^^^^^^^^^^^^^^^^^^
  File "D:\Delhi Protest\backend\.venv\Lib\site-packages\sqlalchemy\dialects\sqlite\aiosqlite.py", line 183, in execute
    self._adapt_connection._handle_exception(error)
    ~~~~~~~~~~~~~~~~~~~~~~~~~~~~~~~~~~~~~~~~^^^^^^^
  File "D:\Delhi Protest\backend\.venv\Lib\site-packages\sqlalchemy\dialects\sqlite\aiosqlite.py", line 343, in _handle_exception
    raise error
  File "D:\Delhi Protest\backend\.venv\Lib\site-packages\sqlalchemy\dialects\sqlite\aiosqlite.py", line 160, in execute
    _cursor: AsyncIODBAPICursor = self.await_(self._connection.cursor())  # type: ignore[arg-type] # noqa: E501
                                  ~~~~~~~~~~~^^^^^^^^^^^^^^^^^^^^^^^^^^^
  File "D:\Delhi Protest\backend\.venv\Lib\site-packages\sqlalchemy\util\_concurrency_py3k.py", line 123, in await_only
    raise exc.MissingGreenlet(
    ...<2 lines>...
    )
sqlalchemy.exc.MissingGreenlet: greenlet_spawn has not been called; can't call await_only() here. Was IO attempted in an unexpected place? (Background on this error at: https://sqlalche.me/e/20/xd2s)
INFO:     127.0.0.1:62766 - "GET /api/articles/1/sources HTTP/1.1" 500 Internal Server Error
ERROR:    Exception in ASGI application
Traceback (most recent call last):
  File "D:\Delhi Protest\backend\.venv\Lib\site-packages\uvicorn\protocols\http\httptools_impl.py", line 399, in run_asgi
    result = await app(  # type: ignore[func-returns-value]
             ^^^^^^^^^^^^^^^^^^^^^^^^^^^^^^^^^^^^^^^^^^^^^^
        self.scope, self.receive, self.send
        ^^^^^^^^^^^^^^^^^^^^^^^^^^^^^^^^^^^
    )
    ^
  File "D:\Delhi Protest\backend\.venv\Lib\site-packages\uvicorn\middleware\proxy_headers.py", line 70, in __call__
    return await self.app(scope, receive, send)
           ^^^^^^^^^^^^^^^^^^^^^^^^^^^^^^^^^^^^
  File "D:\Delhi Protest\backend\.venv\Lib\site-packages\fastapi\applications.py", line 1054, in __call__
    await super().__call__(scope, receive, send)
  File "D:\Delhi Protest\backend\.venv\Lib\site-packages\starlette\applications.py", line 123, in __call__
    await self.middleware_stack(scope, receive, send)
  File "D:\Delhi Protest\backend\.venv\Lib\site-packages\starlette\middleware\errors.py", line 186, in __call__
    raise exc
  File "D:\Delhi Protest\backend\.venv\Lib\site-packages\starlette\middleware\errors.py", line 164, in __call__
    await self.app(scope, receive, _send)
  File "D:\Delhi Protest\backend\.venv\Lib\site-packages\starlette\middleware\cors.py", line 85, in __call__
    await self.app(scope, receive, send)
  File "D:\Delhi Protest\backend\.venv\Lib\site-packages\starlette\middleware\exceptions.py", line 65, in __call__
    await wrap_app_handling_exceptions(self.app, conn)(scope, receive, send)
  File "D:\Delhi Protest\backend\.venv\Lib\site-packages\starlette\_exception_handler.py", line 64, in wrapped_app
    raise exc
  File "D:\Delhi Protest\backend\.venv\Lib\site-packages\starlette\_exception_handler.py", line 53, in wrapped_app
    await app(scope, receive, sender)
  File "D:\Delhi Protest\backend\.venv\Lib\site-packages\starlette\routing.py", line 756, in __call__
    await self.middleware_stack(scope, receive, send)
  File "D:\Delhi Protest\backend\.venv\Lib\site-packages\starlette\routing.py", line 776, in app
    await route.handle(scope, receive, send)
  File "D:\Delhi Protest\backend\.venv\Lib\site-packages\starlette\routing.py", line 297, in handle
    await self.app(scope, receive, send)
  File "D:\Delhi Protest\backend\.venv\Lib\site-packages\starlette\routing.py", line 77, in app
    await wrap_app_handling_exceptions(app, request)(scope, receive, send)
  File "D:\Delhi Protest\backend\.venv\Lib\site-packages\starlette\_exception_handler.py", line 64, in wrapped_app
    raise exc
  File "D:\Delhi Protest\backend\.venv\Lib\site-packages\starlette\_exception_handler.py", line 53, in wrapped_app
    await app(scope, receive, sender)
  File "D:\Delhi Protest\backend\.venv\Lib\site-packages\starlette\routing.py", line 72, in app
    response = await func(request)
               ^^^^^^^^^^^^^^^^^^^
  File "D:\Delhi Protest\backend\.venv\Lib\site-packages\fastapi\routing.py", line 278, in app
    raw_response = await run_endpoint_function(
                   ^^^^^^^^^^^^^^^^^^^^^^^^^^^^
        dependant=dependant, values=values, is_coroutine=is_coroutine
        ^^^^^^^^^^^^^^^^^^^^^^^^^^^^^^^^^^^^^^^^^^^^^^^^^^^^^^^^^^^^^
    )
    ^
  File "D:\Delhi Protest\backend\.venv\Lib\site-packages\fastapi\routing.py", line 191, in run_endpoint_function
    return await dependant.call(**values)
           ^^^^^^^^^^^^^^^^^^^^^^^^^^^^^^
  File "D:\Delhi Protest\backend\app\routers\__init__.py", line 60, in get_article
    result = await db.execute(
              ^^^^^^^^^^^^^^^
  File "D:\Delhi Protest\backend\.venv\Lib\site-packages\sqlalchemy\orm\attributes.py", line 569, in __get__
    return self.impl.get(state, dict_)  # type: ignore[no-any-return]
           ~~~~~~~~~~~~~^^^^^^^^^^^^^^
  File "D:\Delhi Protest\backend\.venv\Lib\site-packages\sqlalchemy\orm\attributes.py", line 1096, in get
    value = self._fire_loader_callables(state, key, passive)
  File "D:\Delhi Protest\backend\.venv\Lib\site-packages\sqlalchemy\orm\attributes.py", line 1131, in _fire_loader_callables
    return self.callable_(state, passive)
           ~~~~~~~~~~~~~~^^^^^^^^^^^^^^^^
  File "D:\Delhi Protest\backend\.venv\Lib\site-packages\sqlalchemy\orm\strategies.py", line 978, in _load_for_state
    return self._emit_lazyload(
           ~~~~~~~~~~~~~~~~~~~^
        session,
        ^^^^^^^^
    ...<7 lines>...
        execution_options,
        ^^^^^^^^^^^^^^^^^^
    )
    ^
  File "D:\Delhi Protest\backend\.venv\Lib\site-packages\sqlalchemy\orm\strategies.py", line 1141, in _emit_lazyload
    result = session.execute(
        stmt, params, execution_options=execution_options
    )
  File "D:\Delhi Protest\backend\.venv\Lib\site-packages\sqlalchemy\orm\session.py", line 2373, in execute
    return self._execute_internal(
           ~~~~~~~~~~~~~~~~~~~~~~^
        statement,
        ^^^^^^^^^^
    ...<4 lines>...
        _add_event=_add_event,
        ^^^^^^^^^^^^^^^^^^^^^^
    )
    ^
  File "D:\Delhi Protest\backend\.venv\Lib\site-packages\sqlalchemy\orm\session.py", line 2271, in _execute_internal
    result: Result[Any] = compile_state_cls.orm_execute_statement(
                          ~~~~~~~~~~~~~~~~~~~~~~~~~~~~~~~~~~~~~~~^
        self,
        ^^^^^
    ...<4 lines>...
        conn,
        ^^^^^
    )
    ^
  File "D:\Delhi Protest\backend\.venv\Lib\site-packages\sqlalchemy\orm\context.py", line 306, in orm_execute_statement
    result = conn.execute(
        statement, params or {}, execution_options=execution_options
    )
  File "D:\Delhi Protest\backend\.venv\Lib\site-packages\sqlalchemy\engine\base.py", line 1421, in execute
    return meth(
        self,
        distilled_parameters,
        execution_options or NO_OPTIONS,
    )
  File "D:\Delhi Protest\backend\.venv\Lib\site-packages\sqlalchemy\sql\elements.py", line 526, in _execute_on_connection
    return connection._execute_clauseelement(
           ~~~~~~~~~~~~~~~~~~~~~~~~~~~~~~~~~^
        self, distilled_params, execution_options
        ^^^^^^^^^^^^^^^^^^^^^^^^^^^^^^^^^^^^^^^^^
    )
    ^
  File "D:\Delhi Protest\backend\.venv\Lib\site-packages\sqlalchemy\engine\base.py", line 1643, in _execute_clauseelement
    ret = self._execute_context(
        dialect,
    ...<8 lines>...
        cache_hit=cache_hit,
    )
  File "D:\Delhi Protest\backend\.venv\Lib\site-packages\sqlalchemy\engine\base.py", line 1848, in _execute_context
    return self._exec_single_context(
           ~~~~~~~~~~~~~~~~~~~~~~~~~^
        dialect, context, statement, parameters
        ^^^^^^^^^^^^^^^^^^^^^^^^^^^^^^^^^^^^^^^
    )
    ^
  File "D:\Delhi Protest\backend\.venv\Lib\site-packages\sqlalchemy\engine\base.py", line 1988, in _exec_single_context
    self._handle_dbapi_exception(
    ~~~~~~~~~~~~~~~~~~~~~~~~~~~~^
        e, str_statement, effective_parameters, cursor, context
        ^^^^^^^^^^^^^^^^^^^^^^^^^^^^^^^^^^^^^^^^^^^^^^^^^^^^^^^
    )
    ^
  File "D:\Delhi Protest\backend\.venv\Lib\site-packages\sqlalchemy\engine\base.py", line 2368, in _handle_dbapi_exception
    raise exc_info[1].with_traceback(exc_info[2])
  File "D:\Delhi Protest\backend\.venv\Lib\site-packages\sqlalchemy\engine\base.py", line 1969, in _exec_single_context
    self.dialect.do_execute(
    ~~~~~~~~~~~~~~~~~~~~~~~^
        cursor, str_statement, effective_parameters, context
        ^^^^^^^^^^^^^^^^^^^^^^^^^^^^^^^^^^^^^^^^^^^^^^^^^^^^
    )
    ^
  File "D:\Delhi Protest\backend\.venv\Lib\site-packages\sqlalchemy\engine\default.py", line 952, in do_execute
    cursor.execute(statement, parameters)
    ~~~~~~~~~~~~~~^^^^^^^^^^^^^^^^^^^^^^^
  File "D:\Delhi Protest\backend\.venv\Lib\site-packages\sqlalchemy\dialects\sqlite\aiosqlite.py", line 183, in execute
    self._adapt_connection._handle_exception(error)
    ~~~~~~~~~~~~~~~~~~~~~~~~~~~~~~~~~~~~~~~~^^^^^^^
  File "D:\Delhi Protest\backend\.venv\Lib\site-packages\sqlalchemy\dialects\sqlite\aiosqlite.py", line 343, in _handle_exception
    raise error
  File "D:\Delhi Protest\backend\.venv\Lib\site-packages\sqlalchemy\dialects\sqlite\aiosqlite.py", line 160, in execute
    _cursor: AsyncIODBAPICursor = self.await_(self._connection.cursor())  # type: ignore[arg-type] # noqa: E501
                                  ~~~~~~~~~~~^^^^^^^^^^^^^^^^^^^^^^^^^^^
  File "D:\Delhi Protest\backend\.venv\Lib\site-packages\sqlalchemy\util\_concurrency_py3k.py", line 123, in await_only
    raise exc.MissingGreenlet(
    ...<2 lines>...
    )
sqlalchemy.exc.MissingGreenlet: greenlet_spawn has not been called; can't call await_only() here. Was IO attempted in an unexpected place? (Background on this error at: https://sqlalche.me/e/20/xd2s)
INFO:     127.0.0.1:62782 - "GET /api/articles/1/sources HTTP/1.1" 500 Internal Server Error
ERROR:    Exception in ASGI application
Traceback (most recent call last):
  File "D:\Delhi Protest\backend\.venv\Lib\site-packages\uvicorn\protocols\http\httptools_impl.py", line 399, in run_asgi
    result = await app(  # type: ignore[func-returns-value]
             ^^^^^^^^^^^^^^^^^^^^^^^^^^^^^^^^^^^^^^^^^^^^^^
        self.scope, self.receive, self.send
        ^^^^^^^^^^^^^^^^^^^^^^^^^^^^^^^^^^^
    )
    ^
  File "D:\Delhi Protest\backend\.venv\Lib\site-packages\uvicorn\middleware\proxy_headers.py", line 70, in __call__
    return await self.app(scope, receive, send)
           ^^^^^^^^^^^^^^^^^^^^^^^^^^^^^^^^^^^^
  File "D:\Delhi Protest\backend\.venv\Lib\site-packages\fastapi\applications.py", line 1054, in __call__
    await super().__call__(scope, receive, send)
  File "D:\Delhi Protest\backend\.venv\Lib\site-packages\starlette\applications.py", line 123, in __call__
    await self.middleware_stack(scope, receive, send)
  File "D:\Delhi Protest\backend\.venv\Lib\site-packages\starlette\middleware\errors.py", line 186, in __call__
    raise exc
  File "D:\Delhi Protest\backend\.venv\Lib\site-packages\starlette\middleware\errors.py", line 164, in __call__
    await self.app(scope, receive, _send)
  File "D:\Delhi Protest\backend\.venv\Lib\site-packages\starlette\middleware\cors.py", line 85, in __call__
    await self.app(scope, receive, send)
  File "D:\Delhi Protest\backend\.venv\Lib\site-packages\starlette\middleware\exceptions.py", line 65, in __call__
    await wrap_app_handling_exceptions(self.app, conn)(scope, receive, send)
  File "D:\Delhi Protest\backend\.venv\Lib\site-packages\starlette\_exception_handler.py", line 64, in wrapped_app
    raise exc
  File "D:\Delhi Protest\backend\.venv\Lib\site-packages\starlette\_exception_handler.py", line 53, in wrapped_app
    await app(scope, receive, sender)
  File "D:\Delhi Protest\backend\.venv\Lib\site-packages\starlette\routing.py", line 756, in __call__
    await self.middleware_stack(scope, receive, send)
  File "D:\Delhi Protest\backend\.venv\Lib\site-packages\starlette\routing.py", line 776, in app
    await route.handle(scope, receive, send)
  File "D:\Delhi Protest\backend\.venv\Lib\site-packages\starlette\routing.py", line 297, in handle
    await self.app(scope, receive, send)
  File "D:\Delhi Protest\backend\.venv\Lib\site-packages\starlette\routing.py", line 77, in app
    await wrap_app_handling_exceptions(app, request)(scope, receive, send)
  File "D:\Delhi Protest\backend\.venv\Lib\site-packages\starlette\_exception_handler.py", line 64, in wrapped_app
    raise exc
  File "D:\Delhi Protest\backend\.venv\Lib\site-packages\starlette\_exception_handler.py", line 53, in wrapped_app
    await app(scope, receive, sender)
  File "D:\Delhi Protest\backend\.venv\Lib\site-packages\starlette\routing.py", line 72, in app
    response = await func(request)
               ^^^^^^^^^^^^^^^^^^^
  File "D:\Delhi Protest\backend\.venv\Lib\site-packages\fastapi\routing.py", line 278, in app
    raw_response = await run_endpoint_function(
                   ^^^^^^^^^^^^^^^^^^^^^^^^^^^^
        dependant=dependant, values=values, is_coroutine=is_coroutine
        ^^^^^^^^^^^^^^^^^^^^^^^^^^^^^^^^^^^^^^^^^^^^^^^^^^^^^^^^^^^^^
    )
    ^
  File "D:\Delhi Protest\backend\.venv\Lib\site-packages\fastapi\routing.py", line 191, in run_endpoint_function
    return await dependant.call(**values)
           ^^^^^^^^^^^^^^^^^^^^^^^^^^^^^^
  File "D:\Delhi Protest\backend\app\routers\__init__.py", line 60, in get_article
    result = await db.execute(
              ^^^^^^^^^^^^^^^
  File "D:\Delhi Protest\backend\.venv\Lib\site-packages\sqlalchemy\orm\attributes.py", line 569, in __get__
    return self.impl.get(state, dict_)  # type: ignore[no-any-return]
           ~~~~~~~~~~~~~^^^^^^^^^^^^^^
  File "D:\Delhi Protest\backend\.venv\Lib\site-packages\sqlalchemy\orm\attributes.py", line 1096, in get
    value = self._fire_loader_callables(state, key, passive)
  File "D:\Delhi Protest\backend\.venv\Lib\site-packages\sqlalchemy\orm\attributes.py", line 1131, in _fire_loader_callables
    return self.callable_(state, passive)
           ~~~~~~~~~~~~~~^^^^^^^^^^^^^^^^
  File "D:\Delhi Protest\backend\.venv\Lib\site-packages\sqlalchemy\orm\strategies.py", line 978, in _load_for_state
    return self._emit_lazyload(
           ~~~~~~~~~~~~~~~~~~~^
        session,
        ^^^^^^^^
    ...<7 lines>...
        execution_options,
        ^^^^^^^^^^^^^^^^^^
    )
    ^
  File "D:\Delhi Protest\backend\.venv\Lib\site-packages\sqlalchemy\orm\strategies.py", line 1141, in _emit_lazyload
    result = session.execute(
        stmt, params, execution_options=execution_options
    )
  File "D:\Delhi Protest\backend\.venv\Lib\site-packages\sqlalchemy\orm\session.py", line 2373, in execute
    return self._execute_internal(
           ~~~~~~~~~~~~~~~~~~~~~~^
        statement,
        ^^^^^^^^^^
    ...<4 lines>...
        _add_event=_add_event,
        ^^^^^^^^^^^^^^^^^^^^^^
    )
    ^
  File "D:\Delhi Protest\backend\.venv\Lib\site-packages\sqlalchemy\orm\session.py", line 2271, in _execute_internal
    result: Result[Any] = compile_state_cls.orm_execute_statement(
                          ~~~~~~~~~~~~~~~~~~~~~~~~~~~~~~~~~~~~~~~^
        self,
        ^^^^^
    ...<4 lines>...
        conn,
        ^^^^^
    )
    ^
  File "D:\Delhi Protest\backend\.venv\Lib\site-packages\sqlalchemy\orm\context.py", line 306, in orm_execute_statement
    result = conn.execute(
        statement, params or {}, execution_options=execution_options
    )
  File "D:\Delhi Protest\backend\.venv\Lib\site-packages\sqlalchemy\engine\base.py", line 1421, in execute
    return meth(
        self,
        distilled_parameters,
        execution_options or NO_OPTIONS,
    )
  File "D:\Delhi Protest\backend\.venv\Lib\site-packages\sqlalchemy\sql\elements.py", line 526, in _execute_on_connection
    return connection._execute_clauseelement(
           ~~~~~~~~~~~~~~~~~~~~~~~~~~~~~~~~~^
        self, distilled_params, execution_options
        ^^^^^^^^^^^^^^^^^^^^^^^^^^^^^^^^^^^^^^^^^
    )
    ^
  File "D:\Delhi Protest\backend\.venv\Lib\site-packages\sqlalchemy\engine\base.py", line 1643, in _execute_clauseelement
    ret = self._execute_context(
        dialect,
    ...<8 lines>...
        cache_hit=cache_hit,
    )
  File "D:\Delhi Protest\backend\.venv\Lib\site-packages\sqlalchemy\engine\base.py", line 1848, in _execute_context
    return self._exec_single_context(
           ~~~~~~~~~~~~~~~~~~~~~~~~~^
        dialect, context, statement, parameters
        ^^^^^^^^^^^^^^^^^^^^^^^^^^^^^^^^^^^^^^^
    )
    ^
  File "D:\Delhi Protest\backend\.venv\Lib\site-packages\sqlalchemy\engine\base.py", line 1988, in _exec_single_context
    self._handle_dbapi_exception(
    ~~~~~~~~~~~~~~~~~~~~~~~~~~~~^
        e, str_statement, effective_parameters, cursor, context
        ^^^^^^^^^^^^^^^^^^^^^^^^^^^^^^^^^^^^^^^^^^^^^^^^^^^^^^^
    )
    ^
  File "D:\Delhi Protest\backend\.venv\Lib\site-packages\sqlalchemy\engine\base.py", line 2368, in _handle_dbapi_exception
    raise exc_info[1].with_traceback(exc_info[2])
  File "D:\Delhi Protest\backend\.venv\Lib\site-packages\sqlalchemy\engine\base.py", line 1969, in _exec_single_context
    self.dialect.do_execute(
    ~~~~~~~~~~~~~~~~~~~~~~~^
        cursor, str_statement, effective_parameters, context
        ^^^^^^^^^^^^^^^^^^^^^^^^^^^^^^^^^^^^^^^^^^^^^^^^^^^^
    )
    ^
  File "D:\Delhi Protest\backend\.venv\Lib\site-packages\sqlalchemy\engine\default.py", line 952, in do_execute
    cursor.execute(statement, parameters)
    ~~~~~~~~~~~~~~^^^^^^^^^^^^^^^^^^^^^^^
  File "D:\Delhi Protest\backend\.venv\Lib\site-packages\sqlalchemy\dialects\sqlite\aiosqlite.py", line 183, in execute
    self._adapt_connection._handle_exception(error)
    ~~~~~~~~~~~~~~~~~~~~~~~~~~~~~~~~~~~~~~~~^^^^^^^
  File "D:\Delhi Protest\backend\.venv\Lib\site-packages\sqlalchemy\dialects\sqlite\aiosqlite.py", line 343, in _handle_exception
    raise error
  File "D:\Delhi Protest\backend\.venv\Lib\site-packages\sqlalchemy\dialects\sqlite\aiosqlite.py", line 160, in execute
    _cursor: AsyncIODBAPICursor = self.await_(self._connection.cursor())  # type: ignore[arg-type] # noqa: E501
                                  ~~~~~~~~~~~^^^^^^^^^^^^^^^^^^^^^^^^^^^
  File "D:\Delhi Protest\backend\.venv\Lib\site-packages\sqlalchemy\util\_concurrency_py3k.py", line 123, in await_only
    raise exc.MissingGreenlet(
    ...<2 lines>...
    )
sqlalchemy.exc.MissingGreenlet: greenlet_spawn has not been called; can't call await_only() here. Was IO attempted in an unexpected place? (Background on this error at: https://sqlalche.me/e/20/xd2s)
INFO:     127.0.0.1:62797 - "GET /api/articles/1/sources HTTP/1.1" 500 Internal Server Error
ERROR:    Exception in ASGI application
Traceback (most recent call last):
  File "D:\Delhi Protest\backend\.venv\Lib\site-packages\uvicorn\protocols\http\httptools_impl.py", line 399, in run_asgi
    result = await app(  # type: ignore[func-returns-value]
             ^^^^^^^^^^^^^^^^^^^^^^^^^^^^^^^^^^^^^^^^^^^^^^
        self.scope, self.receive, self.send
        ^^^^^^^^^^^^^^^^^^^^^^^^^^^^^^^^^^^
    )
    ^
  File "D:\Delhi Protest\backend\.venv\Lib\site-packages\uvicorn\middleware\proxy_headers.py", line 70, in __call__
    return await self.app(scope, receive, send)
           ^^^^^^^^^^^^^^^^^^^^^^^^^^^^^^^^^^^^
  File "D:\Delhi Protest\backend\.venv\Lib\site-packages\fastapi\applications.py", line 1054, in __call__
    await super().__call__(scope, receive, send)
  File "D:\Delhi Protest\backend\.venv\Lib\site-packages\starlette\applications.py", line 123, in __call__
    await self.middleware_stack(scope, receive, send)
  File "D:\Delhi Protest\backend\.venv\Lib\site-packages\starlette\middleware\errors.py", line 186, in __call__
    raise exc
  File "D:\Delhi Protest\backend\.venv\Lib\site-packages\starlette\middleware\errors.py", line 164, in __call__
    await self.app(scope, receive, _send)
  File "D:\Delhi Protest\backend\.venv\Lib\site-packages\starlette\middleware\cors.py", line 85, in __call__
    await self.app(scope, receive, send)
  File "D:\Delhi Protest\backend\.venv\Lib\site-packages\starlette\middleware\exceptions.py", line 65, in __call__
    await wrap_app_handling_exceptions(self.app, conn)(scope, receive, send)
  File "D:\Delhi Protest\backend\.venv\Lib\site-packages\starlette\_exception_handler.py", line 64, in wrapped_app
    raise exc
  File "D:\Delhi Protest\backend\.venv\Lib\site-packages\starlette\_exception_handler.py", line 53, in wrapped_app
    await app(scope, receive, sender)
  File "D:\Delhi Protest\backend\.venv\Lib\site-packages\starlette\routing.py", line 756, in __call__
    await self.middleware_stack(scope, receive, send)
  File "D:\Delhi Protest\backend\.venv\Lib\site-packages\starlette\routing.py", line 776, in app
    await route.handle(scope, receive, send)
  File "D:\Delhi Protest\backend\.venv\Lib\site-packages\starlette\routing.py", line 297, in handle
    await self.app(scope, receive, send)
  File "D:\Delhi Protest\backend\.venv\Lib\site-packages\starlette\routing.py", line 77, in app
    await wrap_app_handling_exceptions(app, request)(scope, receive, send)
  File "D:\Delhi Protest\backend\.venv\Lib\site-packages\starlette\_exception_handler.py", line 64, in wrapped_app
    raise exc
  File "D:\Delhi Protest\backend\.venv\Lib\site-packages\starlette\_exception_handler.py", line 53, in wrapped_app
    await app(scope, receive, sender)
  File "D:\Delhi Protest\backend\.venv\Lib\site-packages\starlette\routing.py", line 72, in app
    response = await func(request)
               ^^^^^^^^^^^^^^^^^^^
  File "D:\Delhi Protest\backend\.venv\Lib\site-packages\fastapi\routing.py", line 278, in app
    raw_response = await run_endpoint_function(
                   ^^^^^^^^^^^^^^^^^^^^^^^^^^^^
        dependant=dependant, values=values, is_coroutine=is_coroutine
        ^^^^^^^^^^^^^^^^^^^^^^^^^^^^^^^^^^^^^^^^^^^^^^^^^^^^^^^^^^^^^
    )
    ^
  File "D:\Delhi Protest\backend\.venv\Lib\site-packages\fastapi\routing.py", line 191, in run_endpoint_function
    return await dependant.call(**values)
           ^^^^^^^^^^^^^^^^^^^^^^^^^^^^^^
  File "D:\Delhi Protest\backend\app\routers\__init__.py", line 60, in get_article
    result = await db.execute(
              ^^^^^^^^^^^^^^^
  File "D:\Delhi Protest\backend\.venv\Lib\site-packages\sqlalchemy\orm\attributes.py", line 569, in __get__
    return self.impl.get(state, dict_)  # type: ignore[no-any-return]
           ~~~~~~~~~~~~~^^^^^^^^^^^^^^
  File "D:\Delhi Protest\backend\.venv\Lib\site-packages\sqlalchemy\orm\attributes.py", line 1096, in get
    value = self._fire_loader_callables(state, key, passive)
  File "D:\Delhi Protest\backend\.venv\Lib\site-packages\sqlalchemy\orm\attributes.py", line 1131, in _fire_loader_callables
    return self.callable_(state, passive)
           ~~~~~~~~~~~~~~^^^^^^^^^^^^^^^^
  File "D:\Delhi Protest\backend\.venv\Lib\site-packages\sqlalchemy\orm\strategies.py", line 978, in _load_for_state
    return self._emit_lazyload(
           ~~~~~~~~~~~~~~~~~~~^
        session,
        ^^^^^^^^
    ...<7 lines>...
        execution_options,
        ^^^^^^^^^^^^^^^^^^
    )
    ^
  File "D:\Delhi Protest\backend\.venv\Lib\site-packages\sqlalchemy\orm\strategies.py", line 1141, in _emit_lazyload
    result = session.execute(
        stmt, params, execution_options=execution_options
    )
  File "D:\Delhi Protest\backend\.venv\Lib\site-packages\sqlalchemy\orm\session.py", line 2373, in execute
    return self._execute_internal(
           ~~~~~~~~~~~~~~~~~~~~~~^
        statement,
        ^^^^^^^^^^
    ...<4 lines>...
        _add_event=_add_event,
        ^^^^^^^^^^^^^^^^^^^^^^
    )
    ^
  File "D:\Delhi Protest\backend\.venv\Lib\site-packages\sqlalchemy\orm\session.py", line 2271, in _execute_internal
    result: Result[Any] = compile_state_cls.orm_execute_statement(
                          ~~~~~~~~~~~~~~~~~~~~~~~~~~~~~~~~~~~~~~~^
        self,
        ^^^^^
    ...<4 lines>...
        conn,
        ^^^^^
    )
    ^
  File "D:\Delhi Protest\backend\.venv\Lib\site-packages\sqlalchemy\orm\context.py", line 306, in orm_execute_statement
    result = conn.execute(
        statement, params or {}, execution_options=execution_options
    )
  File "D:\Delhi Protest\backend\.venv\Lib\site-packages\sqlalchemy\engine\base.py", line 1421, in execute
    return meth(
        self,
        distilled_parameters,
        execution_options or NO_OPTIONS,
    )
  File "D:\Delhi Protest\backend\.venv\Lib\site-packages\sqlalchemy\sql\elements.py", line 526, in _execute_on_connection
    return connection._execute_clauseelement(
           ~~~~~~~~~~~~~~~~~~~~~~~~~~~~~~~~~^
        self, distilled_params, execution_options
        ^^^^^^^^^^^^^^^^^^^^^^^^^^^^^^^^^^^^^^^^^
    )
    ^
  File "D:\Delhi Protest\backend\.venv\Lib\site-packages\sqlalchemy\engine\base.py", line 1643, in _execute_clauseelement
    ret = self._execute_context(
        dialect,
    ...<8 lines>...
        cache_hit=cache_hit,
    )
  File "D:\Delhi Protest\backend\.venv\Lib\site-packages\sqlalchemy\engine\base.py", line 1848, in _execute_context
    return self._exec_single_context(
           ~~~~~~~~~~~~~~~~~~~~~~~~~^
        dialect, context, statement, parameters
        ^^^^^^^^^^^^^^^^^^^^^^^^^^^^^^^^^^^^^^^
    )
    ^
  File "D:\Delhi Protest\backend\.venv\Lib\site-packages\sqlalchemy\engine\base.py", line 1988, in _exec_single_context
    self._handle_dbapi_exception(
    ~~~~~~~~~~~~~~~~~~~~~~~~~~~~^
        e, str_statement, effective_parameters, cursor, context
        ^^^^^^^^^^^^^^^^^^^^^^^^^^^^^^^^^^^^^^^^^^^^^^^^^^^^^^^
    )
    ^
  File "D:\Delhi Protest\backend\.venv\Lib\site-packages\sqlalchemy\engine\base.py", line 2368, in _handle_dbapi_exception
    raise exc_info[1].with_traceback(exc_info[2])
  File "D:\Delhi Protest\backend\.venv\Lib\site-packages\sqlalchemy\engine\base.py", line 1969, in _exec_single_context
    self.dialect.do_execute(
    ~~~~~~~~~~~~~~~~~~~~~~~^
        cursor, str_statement, effective_parameters, context
        ^^^^^^^^^^^^^^^^^^^^^^^^^^^^^^^^^^^^^^^^^^^^^^^^^^^^
    )
    ^
  File "D:\Delhi Protest\backend\.venv\Lib\site-packages\sqlalchemy\engine\default.py", line 952, in do_execute
    cursor.execute(statement, parameters)
    ~~~~~~~~~~~~~~^^^^^^^^^^^^^^^^^^^^^^^
  File "D:\Delhi Protest\backend\.venv\Lib\site-packages\sqlalchemy\dialects\sqlite\aiosqlite.py", line 183, in execute
    self._adapt_connection._handle_exception(error)
    ~~~~~~~~~~~~~~~~~~~~~~~~~~~~~~~~~~~~~~~~^^^^^^^
  File "D:\Delhi Protest\backend\.venv\Lib\site-packages\sqlalchemy\dialects\sqlite\aiosqlite.py", line 343, in _handle_exception
    raise error
  File "D:\Delhi Protest\backend\.venv\Lib\site-packages\sqlalchemy\dialects\sqlite\aiosqlite.py", line 160, in execute
    _cursor: AsyncIODBAPICursor = self.await_(self._connection.cursor())  # type: ignore[arg-type] # noqa: E501
                                  ~~~~~~~~~~~^^^^^^^^^^^^^^^^^^^^^^^^^^^
  File "D:\Delhi Protest\backend\.venv\Lib\site-packages\sqlalchemy\util\_concurrency_py3k.py", line 123, in await_only
    raise exc.MissingGreenlet(
    ...<2 lines>...
    )
sqlalchemy.exc.MissingGreenlet: greenlet_spawn has not been called; can't call await_only() here. Was IO attempted in an unexpected place? (Background on this error at: https://sqlalche.me/e/20/xd2s)
INFO:     127.0.0.1:62800 - "GET /api/articles/1/sources HTTP/1.1" 500 Internal Server Error
ERROR:    Exception in ASGI application
Traceback (most recent call last):
  File "D:\Delhi Protest\backend\.venv\Lib\site-packages\uvicorn\protocols\http\httptools_impl.py", line 399, in run_asgi
    result = await app(  # type: ignore[func-returns-value]
             ^^^^^^^^^^^^^^^^^^^^^^^^^^^^^^^^^^^^^^^^^^^^^^
        self.scope, self.receive, self.send
        ^^^^^^^^^^^^^^^^^^^^^^^^^^^^^^^^^^^
    )
    ^
  File "D:\Delhi Protest\backend\.venv\Lib\site-packages\uvicorn\middleware\proxy_headers.py", line 70, in __call__
    return await self.app(scope, receive, send)
           ^^^^^^^^^^^^^^^^^^^^^^^^^^^^^^^^^^^^
  File "D:\Delhi Protest\backend\.venv\Lib\site-packages\fastapi\applications.py", line 1054, in __call__
    await super().__call__(scope, receive, send)
  File "D:\Delhi Protest\backend\.venv\Lib\site-packages\starlette\applications.py", line 123, in __call__
    await self.middleware_stack(scope, receive, send)
  File "D:\Delhi Protest\backend\.venv\Lib\site-packages\starlette\middleware\errors.py", line 186, in __call__
    raise exc
  File "D:\Delhi Protest\backend\.venv\Lib\site-packages\starlette\middleware\errors.py", line 164, in __call__
    await self.app(scope, receive, _send)
  File "D:\Delhi Protest\backend\.venv\Lib\site-packages\starlette\middleware\cors.py", line 85, in __call__
    await self.app(scope, receive, send)
  File "D:\Delhi Protest\backend\.venv\Lib\site-packages\starlette\middleware\exceptions.py", line 65, in __call__
    await wrap_app_handling_exceptions(self.app, conn)(scope, receive, send)
  File "D:\Delhi Protest\backend\.venv\Lib\site-packages\starlette\_exception_handler.py", line 64, in wrapped_app
    raise exc
  File "D:\Delhi Protest\backend\.venv\Lib\site-packages\starlette\_exception_handler.py", line 53, in wrapped_app
    await app(scope, receive, sender)
  File "D:\Delhi Protest\backend\.venv\Lib\site-packages\starlette\routing.py", line 756, in __call__
    await self.middleware_stack(scope, receive, send)
  File "D:\Delhi Protest\backend\.venv\Lib\site-packages\starlette\routing.py", line 776, in app
    await route.handle(scope, receive, send)
  File "D:\Delhi Protest\backend\.venv\Lib\site-packages\starlette\routing.py", line 297, in handle
    await self.app(scope, receive, send)
  File "D:\Delhi Protest\backend\.venv\Lib\site-packages\starlette\routing.py", line 77, in app
    await wrap_app_handling_exceptions(app, request)(scope, receive, send)
  File "D:\Delhi Protest\backend\.venv\Lib\site-packages\starlette\_exception_handler.py", line 64, in wrapped_app
    raise exc
  File "D:\Delhi Protest\backend\.venv\Lib\site-packages\starlette\_exception_handler.py", line 53, in wrapped_app
    await app(scope, receive, sender)
  File "D:\Delhi Protest\backend\.venv\Lib\site-packages\starlette\routing.py", line 72, in app
    response = await func(request)
               ^^^^^^^^^^^^^^^^^^^
  File "D:\Delhi Protest\backend\.venv\Lib\site-packages\fastapi\routing.py", line 278, in app
    raw_response = await run_endpoint_function(
                   ^^^^^^^^^^^^^^^^^^^^^^^^^^^^
        dependant=dependant, values=values, is_coroutine=is_coroutine
        ^^^^^^^^^^^^^^^^^^^^^^^^^^^^^^^^^^^^^^^^^^^^^^^^^^^^^^^^^^^^^
    )
    ^
  File "D:\Delhi Protest\backend\.venv\Lib\site-packages\fastapi\routing.py", line 191, in run_endpoint_function
    return await dependant.call(**values)
           ^^^^^^^^^^^^^^^^^^^^^^^^^^^^^^
  File "D:\Delhi Protest\backend\app\routers\__init__.py", line 60, in get_article
    result = await db.execute(
              ^^^^^^^^^^^^^^^
  File "D:\Delhi Protest\backend\.venv\Lib\site-packages\sqlalchemy\orm\attributes.py", line 569, in __get__
    return self.impl.get(state, dict_)  # type: ignore[no-any-return]
           ~~~~~~~~~~~~~^^^^^^^^^^^^^^
  File "D:\Delhi Protest\backend\.venv\Lib\site-packages\sqlalchemy\orm\attributes.py", line 1096, in get
    value = self._fire_loader_callables(state, key, passive)
  File "D:\Delhi Protest\backend\.venv\Lib\site-packages\sqlalchemy\orm\attributes.py", line 1131, in _fire_loader_callables
    return self.callable_(state, passive)
           ~~~~~~~~~~~~~~^^^^^^^^^^^^^^^^
  File "D:\Delhi Protest\backend\.venv\Lib\site-packages\sqlalchemy\orm\strategies.py", line 978, in _load_for_state
    return self._emit_lazyload(
           ~~~~~~~~~~~~~~~~~~~^
        session,
        ^^^^^^^^
    ...<7 lines>...
        execution_options,
        ^^^^^^^^^^^^^^^^^^
    )
    ^
  File "D:\Delhi Protest\backend\.venv\Lib\site-packages\sqlalchemy\orm\strategies.py", line 1141, in _emit_lazyload
    result = session.execute(
        stmt, params, execution_options=execution_options
    )
  File "D:\Delhi Protest\backend\.venv\Lib\site-packages\sqlalchemy\orm\session.py", line 2373, in execute
    return self._execute_internal(
           ~~~~~~~~~~~~~~~~~~~~~~^
        statement,
        ^^^^^^^^^^
    ...<4 lines>...
        _add_event=_add_event,
        ^^^^^^^^^^^^^^^^^^^^^^
    )
    ^
  File "D:\Delhi Protest\backend\.venv\Lib\site-packages\sqlalchemy\orm\session.py", line 2271, in _execute_internal
    result: Result[Any] = compile_state_cls.orm_execute_statement(
                          ~~~~~~~~~~~~~~~~~~~~~~~~~~~~~~~~~~~~~~~^
        self,
        ^^^^^
    ...<4 lines>...
        conn,
        ^^^^^
    )
    ^
  File "D:\Delhi Protest\backend\.venv\Lib\site-packages\sqlalchemy\orm\context.py", line 306, in orm_execute_statement
    result = conn.execute(
        statement, params or {}, execution_options=execution_options
    )
  File "D:\Delhi Protest\backend\.venv\Lib\site-packages\sqlalchemy\engine\base.py", line 1421, in execute
    return meth(
        self,
        distilled_parameters,
        execution_options or NO_OPTIONS,
    )
  File "D:\Delhi Protest\backend\.venv\Lib\site-packages\sqlalchemy\sql\elements.py", line 526, in _execute_on_connection
    return connection._execute_clauseelement(
           ~~~~~~~~~~~~~~~~~~~~~~~~~~~~~~~~~^
        self, distilled_params, execution_options
        ^^^^^^^^^^^^^^^^^^^^^^^^^^^^^^^^^^^^^^^^^
    )
    ^
  File "D:\Delhi Protest\backend\.venv\Lib\site-packages\sqlalchemy\engine\base.py", line 1643, in _execute_clauseelement
    ret = self._execute_context(
        dialect,
    ...<8 lines>...
        cache_hit=cache_hit,
    )
  File "D:\Delhi Protest\backend\.venv\Lib\site-packages\sqlalchemy\engine\base.py", line 1848, in _execute_context
    return self._exec_single_context(
           ~~~~~~~~~~~~~~~~~~~~~~~~~^
        dialect, context, statement, parameters
        ^^^^^^^^^^^^^^^^^^^^^^^^^^^^^^^^^^^^^^^
    )
    ^
  File "D:\Delhi Protest\backend\.venv\Lib\site-packages\sqlalchemy\engine\base.py", line 1988, in _exec_single_context
    self._handle_dbapi_exception(
    ~~~~~~~~~~~~~~~~~~~~~~~~~~~~^
        e, str_statement, effective_parameters, cursor, context
        ^^^^^^^^^^^^^^^^^^^^^^^^^^^^^^^^^^^^^^^^^^^^^^^^^^^^^^^
    )
    ^
  File "D:\Delhi Protest\backend\.venv\Lib\site-packages\sqlalchemy\engine\base.py", line 2368, in _handle_dbapi_exception
    raise exc_info[1].with_traceback(exc_info[2])
  File "D:\Delhi Protest\backend\.venv\Lib\site-packages\sqlalchemy\engine\base.py", line 1969, in _exec_single_context
    self.dialect.do_execute(
    ~~~~~~~~~~~~~~~~~~~~~~~^
        cursor, str_statement, effective_parameters, context
        ^^^^^^^^^^^^^^^^^^^^^^^^^^^^^^^^^^^^^^^^^^^^^^^^^^^^
    )
    ^
  File "D:\Delhi Protest\backend\.venv\Lib\site-packages\sqlalchemy\engine\default.py", line 952, in do_execute
    cursor.execute(statement, parameters)
    ~~~~~~~~~~~~~~^^^^^^^^^^^^^^^^^^^^^^^
  File "D:\Delhi Protest\backend\.venv\Lib\site-packages\sqlalchemy\dialects\sqlite\aiosqlite.py", line 183, in execute
    self._adapt_connection._handle_exception(error)
    ~~~~~~~~~~~~~~~~~~~~~~~~~~~~~~~~~~~~~~~~^^^^^^^
  File "D:\Delhi Protest\backend\.venv\Lib\site-packages\sqlalchemy\dialects\sqlite\aiosqlite.py", line 343, in _handle_exception
    raise error
  File "D:\Delhi Protest\backend\.venv\Lib\site-packages\sqlalchemy\dialects\sqlite\aiosqlite.py", line 160, in execute
    _cursor: AsyncIODBAPICursor = self.await_(self._connection.cursor())  # type: ignore[arg-type] # noqa: E501
                                  ~~~~~~~~~~~^^^^^^^^^^^^^^^^^^^^^^^^^^^
  File "D:\Delhi Protest\backend\.venv\Lib\site-packages\sqlalchemy\util\_concurrency_py3k.py", line 123, in await_only
    raise exc.MissingGreenlet(
    ...<2 lines>...
    )
sqlalchemy.exc.MissingGreenlet: greenlet_spawn has not been called; can't call await_only() here. Was IO attempted in an unexpected place? (Background on this error at: https://sqlalche.me/e/20/xd2s)
INFO:     127.0.0.1:62026 - "GET /api/articles/1/sources HTTP/1.1" 500 Internal Server Error
ERROR:    Exception in ASGI application
Traceback (most recent call last):
  File "D:\Delhi Protest\backend\.venv\Lib\site-packages\uvicorn\protocols\http\httptools_impl.py", line 399, in run_asgi
    result = await app(  # type: ignore[func-returns-value]
             ^^^^^^^^^^^^^^^^^^^^^^^^^^^^^^^^^^^^^^^^^^^^^^
        self.scope, self.receive, self.send
        ^^^^^^^^^^^^^^^^^^^^^^^^^^^^^^^^^^^
    )
    ^
  File "D:\Delhi Protest\backend\.venv\Lib\site-packages\uvicorn\middleware\proxy_headers.py", line 70, in __call__
    return await self.app(scope, receive, send)
           ^^^^^^^^^^^^^^^^^^^^^^^^^^^^^^^^^^^^
  File "D:\Delhi Protest\backend\.venv\Lib\site-packages\fastapi\applications.py", line 1054, in __call__
    await super().__call__(scope, receive, send)
  File "D:\Delhi Protest\backend\.venv\Lib\site-packages\starlette\applications.py", line 123, in __call__
    await self.middleware_stack(scope, receive, send)
  File "D:\Delhi Protest\backend\.venv\Lib\site-packages\starlette\middleware\errors.py", line 186, in __call__
    raise exc
  File "D:\Delhi Protest\backend\.venv\Lib\site-packages\starlette\middleware\errors.py", line 164, in __call__
    await self.app(scope, receive, _send)
  File "D:\Delhi Protest\backend\.venv\Lib\site-packages\starlette\middleware\cors.py", line 85, in __call__
    await self.app(scope, receive, send)
  File "D:\Delhi Protest\backend\.venv\Lib\site-packages\starlette\middleware\exceptions.py", line 65, in __call__
    await wrap_app_handling_exceptions(self.app, conn)(scope, receive, send)
  File "D:\Delhi Protest\backend\.venv\Lib\site-packages\starlette\_exception_handler.py", line 64, in wrapped_app
    raise exc
  File "D:\Delhi Protest\backend\.venv\Lib\site-packages\starlette\_exception_handler.py", line 53, in wrapped_app
    await app(scope, receive, sender)
  File "D:\Delhi Protest\backend\.venv\Lib\site-packages\starlette\routing.py", line 756, in __call__
    await self.middleware_stack(scope, receive, send)
  File "D:\Delhi Protest\backend\.venv\Lib\site-packages\starlette\routing.py", line 776, in app
    await route.handle(scope, receive, send)
  File "D:\Delhi Protest\backend\.venv\Lib\site-packages\starlette\routing.py", line 297, in handle
    await self.app(scope, receive, send)
  File "D:\Delhi Protest\backend\.venv\Lib\site-packages\starlette\routing.py", line 77, in app
    await wrap_app_handling_exceptions(app, request)(scope, receive, send)
  File "D:\Delhi Protest\backend\.venv\Lib\site-packages\starlette\_exception_handler.py", line 64, in wrapped_app
    raise exc
  File "D:\Delhi Protest\backend\.venv\Lib\site-packages\starlette\_exception_handler.py", line 53, in wrapped_app
    await app(scope, receive, sender)
  File "D:\Delhi Protest\backend\.venv\Lib\site-packages\starlette\routing.py", line 72, in app
    response = await func(request)
               ^^^^^^^^^^^^^^^^^^^
  File "D:\Delhi Protest\backend\.venv\Lib\site-packages\fastapi\routing.py", line 278, in app
    raw_response = await run_endpoint_function(
                   ^^^^^^^^^^^^^^^^^^^^^^^^^^^^
        dependant=dependant, values=values, is_coroutine=is_coroutine
        ^^^^^^^^^^^^^^^^^^^^^^^^^^^^^^^^^^^^^^^^^^^^^^^^^^^^^^^^^^^^^
    )
    ^
  File "D:\Delhi Protest\backend\.venv\Lib\site-packages\fastapi\routing.py", line 191, in run_endpoint_function
    return await dependant.call(**values)
           ^^^^^^^^^^^^^^^^^^^^^^^^^^^^^^
  File "D:\Delhi Protest\backend\app\routers\__init__.py", line 60, in get_article
    result = await db.execute(
              ^^^^^^^^^^^^^^^
  File "D:\Delhi Protest\backend\.venv\Lib\site-packages\sqlalchemy\orm\attributes.py", line 569, in __get__
    return self.impl.get(state, dict_)  # type: ignore[no-any-return]
           ~~~~~~~~~~~~~^^^^^^^^^^^^^^
  File "D:\Delhi Protest\backend\.venv\Lib\site-packages\sqlalchemy\orm\attributes.py", line 1096, in get
    value = self._fire_loader_callables(state, key, passive)
  File "D:\Delhi Protest\backend\.venv\Lib\site-packages\sqlalchemy\orm\attributes.py", line 1131, in _fire_loader_callables
    return self.callable_(state, passive)
           ~~~~~~~~~~~~~~^^^^^^^^^^^^^^^^
  File "D:\Delhi Protest\backend\.venv\Lib\site-packages\sqlalchemy\orm\strategies.py", line 978, in _load_for_state
    return self._emit_lazyload(
           ~~~~~~~~~~~~~~~~~~~^
        session,
        ^^^^^^^^
    ...<7 lines>...
        execution_options,
        ^^^^^^^^^^^^^^^^^^
    )
    ^
  File "D:\Delhi Protest\backend\.venv\Lib\site-packages\sqlalchemy\orm\strategies.py", line 1141, in _emit_lazyload
    result = session.execute(
        stmt, params, execution_options=execution_options
    )
  File "D:\Delhi Protest\backend\.venv\Lib\site-packages\sqlalchemy\orm\session.py", line 2373, in execute
    return self._execute_internal(
           ~~~~~~~~~~~~~~~~~~~~~~^
        statement,
        ^^^^^^^^^^
    ...<4 lines>...
        _add_event=_add_event,
        ^^^^^^^^^^^^^^^^^^^^^^
    )
    ^
  File "D:\Delhi Protest\backend\.venv\Lib\site-packages\sqlalchemy\orm\session.py", line 2271, in _execute_internal
    result: Result[Any] = compile_state_cls.orm_execute_statement(
                          ~~~~~~~~~~~~~~~~~~~~~~~~~~~~~~~~~~~~~~~^
        self,
        ^^^^^
    ...<4 lines>...
        conn,
        ^^^^^
    )
    ^
  File "D:\Delhi Protest\backend\.venv\Lib\site-packages\sqlalchemy\orm\context.py", line 306, in orm_execute_statement
    result = conn.execute(
        statement, params or {}, execution_options=execution_options
    )
  File "D:\Delhi Protest\backend\.venv\Lib\site-packages\sqlalchemy\engine\base.py", line 1421, in execute
    return meth(
        self,
        distilled_parameters,
        execution_options or NO_OPTIONS,
    )
  File "D:\Delhi Protest\backend\.venv\Lib\site-packages\sqlalchemy\sql\elements.py", line 526, in _execute_on_connection
    return connection._execute_clauseelement(
           ~~~~~~~~~~~~~~~~~~~~~~~~~~~~~~~~~^
        self, distilled_params, execution_options
        ^^^^^^^^^^^^^^^^^^^^^^^^^^^^^^^^^^^^^^^^^
    )
    ^
  File "D:\Delhi Protest\backend\.venv\Lib\site-packages\sqlalchemy\engine\base.py", line 1643, in _execute_clauseelement
    ret = self._execute_context(
        dialect,
    ...<8 lines>...
        cache_hit=cache_hit,
    )
  File "D:\Delhi Protest\backend\.venv\Lib\site-packages\sqlalchemy\engine\base.py", line 1848, in _execute_context
    return self._exec_single_context(
           ~~~~~~~~~~~~~~~~~~~~~~~~~^
        dialect, context, statement, parameters
        ^^^^^^^^^^^^^^^^^^^^^^^^^^^^^^^^^^^^^^^
    )
    ^
  File "D:\Delhi Protest\backend\.venv\Lib\site-packages\sqlalchemy\engine\base.py", line 1988, in _exec_single_context
    self._handle_dbapi_exception(
    ~~~~~~~~~~~~~~~~~~~~~~~~~~~~^
        e, str_statement, effective_parameters, cursor, context
        ^^^^^^^^^^^^^^^^^^^^^^^^^^^^^^^^^^^^^^^^^^^^^^^^^^^^^^^
    )
    ^
  File "D:\Delhi Protest\backend\.venv\Lib\site-packages\sqlalchemy\engine\base.py", line 2368, in _handle_dbapi_exception
    raise exc_info[1].with_traceback(exc_info[2])
  File "D:\Delhi Protest\backend\.venv\Lib\site-packages\sqlalchemy\engine\base.py", line 1969, in _exec_single_context
    self.dialect.do_execute(
    ~~~~~~~~~~~~~~~~~~~~~~~^
        cursor, str_statement, effective_parameters, context
        ^^^^^^^^^^^^^^^^^^^^^^^^^^^^^^^^^^^^^^^^^^^^^^^^^^^^
    )
    ^
  File "D:\Delhi Protest\backend\.venv\Lib\site-packages\sqlalchemy\engine\default.py", line 952, in do_execute
    cursor.execute(statement, parameters)
    ~~~~~~~~~~~~~~^^^^^^^^^^^^^^^^^^^^^^^
  File "D:\Delhi Protest\backend\.venv\Lib\site-packages\sqlalchemy\dialects\sqlite\aiosqlite.py", line 183, in execute
    self._adapt_connection._handle_exception(error)
    ~~~~~~~~~~~~~~~~~~~~~~~~~~~~~~~~~~~~~~~~^^^^^^^
  File "D:\Delhi Protest\backend\.venv\Lib\site-packages\sqlalchemy\dialects\sqlite\aiosqlite.py", line 343, in _handle_exception
    raise error
  File "D:\Delhi Protest\backend\.venv\Lib\site-packages\sqlalchemy\dialects\sqlite\aiosqlite.py", line 160, in execute
    _cursor: AsyncIODBAPICursor = self.await_(self._connection.cursor())  # type: ignore[arg-type] # noqa: E501
                                  ~~~~~~~~~~~^^^^^^^^^^^^^^^^^^^^^^^^^^^
  File "D:\Delhi Protest\backend\.venv\Lib\site-packages\sqlalchemy\util\_concurrency_py3k.py", line 123, in await_only
    raise exc.MissingGreenlet(
    ...<2 lines>...
    )
sqlalchemy.exc.MissingGreenlet: greenlet_spawn has not been called; can't call await_only() here. Was IO attempted in an unexpected place? (Background on this error at: https://sqlalche.me/e/20/xd2s)
INFO:     127.0.0.1:62029 - "GET /api/articles/1/sources HTTP/1.1" 500 Internal Server Error
ERROR:    Exception in ASGI application
Traceback (most recent call last):
  File "D:\Delhi Protest\backend\.venv\Lib\site-packages\uvicorn\protocols\http\httptools_impl.py", line 399, in run_asgi
    result = await app(  # type: ignore[func-returns-value]
             ^^^^^^^^^^^^^^^^^^^^^^^^^^^^^^^^^^^^^^^^^^^^^^
        self.scope, self.receive, self.send
        ^^^^^^^^^^^^^^^^^^^^^^^^^^^^^^^^^^^
    )
    ^
  File "D:\Delhi Protest\backend\.venv\Lib\site-packages\uvicorn\middleware\proxy_headers.py", line 70, in __call__
    return await self.app(scope, receive, send)
           ^^^^^^^^^^^^^^^^^^^^^^^^^^^^^^^^^^^^
  File "D:\Delhi Protest\backend\.venv\Lib\site-packages\fastapi\applications.py", line 1054, in __call__
    await super().__call__(scope, receive, send)
  File "D:\Delhi Protest\backend\.venv\Lib\site-packages\starlette\applications.py", line 123, in __call__
    await self.middleware_stack(scope, receive, send)
  File "D:\Delhi Protest\backend\.venv\Lib\site-packages\starlette\middleware\errors.py", line 186, in __call__
    raise exc
  File "D:\Delhi Protest\backend\.venv\Lib\site-packages\starlette\middleware\errors.py", line 164, in __call__
    await self.app(scope, receive, _send)
  File "D:\Delhi Protest\backend\.venv\Lib\site-packages\starlette\middleware\cors.py", line 85, in __call__
    await self.app(scope, receive, send)
  File "D:\Delhi Protest\backend\.venv\Lib\site-packages\starlette\middleware\exceptions.py", line 65, in __call__
    await wrap_app_handling_exceptions(self.app, conn)(scope, receive, send)
  File "D:\Delhi Protest\backend\.venv\Lib\site-packages\starlette\_exception_handler.py", line 64, in wrapped_app
    raise exc
  File "D:\Delhi Protest\backend\.venv\Lib\site-packages\starlette\_exception_handler.py", line 53, in wrapped_app
    await app(scope, receive, sender)
  File "D:\Delhi Protest\backend\.venv\Lib\site-packages\starlette\routing.py", line 756, in __call__
    await self.middleware_stack(scope, receive, send)
  File "D:\Delhi Protest\backend\.venv\Lib\site-packages\starlette\routing.py", line 776, in app
    await route.handle(scope, receive, send)
  File "D:\Delhi Protest\backend\.venv\Lib\site-packages\starlette\routing.py", line 297, in handle
    await self.app(scope, receive, send)
  File "D:\Delhi Protest\backend\.venv\Lib\site-packages\starlette\routing.py", line 77, in app
    await wrap_app_handling_exceptions(app, request)(scope, receive, send)
  File "D:\Delhi Protest\backend\.venv\Lib\site-packages\starlette\_exception_handler.py", line 64, in wrapped_app
    raise exc
  File "D:\Delhi Protest\backend\.venv\Lib\site-packages\starlette\_exception_handler.py", line 53, in wrapped_app
    await app(scope, receive, sender)
  File "D:\Delhi Protest\backend\.venv\Lib\site-packages\starlette\routing.py", line 72, in app
    response = await func(request)
               ^^^^^^^^^^^^^^^^^^^
  File "D:\Delhi Protest\backend\.venv\Lib\site-packages\fastapi\routing.py", line 278, in app
    raw_response = await run_endpoint_function(
                   ^^^^^^^^^^^^^^^^^^^^^^^^^^^^
        dependant=dependant, values=values, is_coroutine=is_coroutine
        ^^^^^^^^^^^^^^^^^^^^^^^^^^^^^^^^^^^^^^^^^^^^^^^^^^^^^^^^^^^^^
    )
    ^
  File "D:\Delhi Protest\backend\.venv\Lib\site-packages\fastapi\routing.py", line 191, in run_endpoint_function
    return await dependant.call(**values)
           ^^^^^^^^^^^^^^^^^^^^^^^^^^^^^^
  File "D:\Delhi Protest\backend\app\routers\__init__.py", line 60, in get_article
    result = await db.execute(
              ^^^^^^^^^^^^^^^
  File "D:\Delhi Protest\backend\.venv\Lib\site-packages\sqlalchemy\orm\attributes.py", line 569, in __get__
    return self.impl.get(state, dict_)  # type: ignore[no-any-return]
           ~~~~~~~~~~~~~^^^^^^^^^^^^^^
  File "D:\Delhi Protest\backend\.venv\Lib\site-packages\sqlalchemy\orm\attributes.py", line 1096, in get
    value = self._fire_loader_callables(state, key, passive)
  File "D:\Delhi Protest\backend\.venv\Lib\site-packages\sqlalchemy\orm\attributes.py", line 1131, in _fire_loader_callables
    return self.callable_(state, passive)
           ~~~~~~~~~~~~~~^^^^^^^^^^^^^^^^
  File "D:\Delhi Protest\backend\.venv\Lib\site-packages\sqlalchemy\orm\strategies.py", line 978, in _load_for_state
    return self._emit_lazyload(
           ~~~~~~~~~~~~~~~~~~~^
        session,
        ^^^^^^^^
    ...<7 lines>...
        execution_options,
        ^^^^^^^^^^^^^^^^^^
    )
    ^
  File "D:\Delhi Protest\backend\.venv\Lib\site-packages\sqlalchemy\orm\strategies.py", line 1141, in _emit_lazyload
    result = session.execute(
        stmt, params, execution_options=execution_options
    )
  File "D:\Delhi Protest\backend\.venv\Lib\site-packages\sqlalchemy\orm\session.py", line 2373, in execute
    return self._execute_internal(
           ~~~~~~~~~~~~~~~~~~~~~~^
        statement,
        ^^^^^^^^^^
    ...<4 lines>...
        _add_event=_add_event,
        ^^^^^^^^^^^^^^^^^^^^^^
    )
    ^
  File "D:\Delhi Protest\backend\.venv\Lib\site-packages\sqlalchemy\orm\session.py", line 2271, in _execute_internal
    result: Result[Any] = compile_state_cls.orm_execute_statement(
                          ~~~~~~~~~~~~~~~~~~~~~~~~~~~~~~~~~~~~~~~^
        self,
        ^^^^^
    ...<4 lines>...
        conn,
        ^^^^^
    )
    ^
  File "D:\Delhi Protest\backend\.venv\Lib\site-packages\sqlalchemy\orm\context.py", line 306, in orm_execute_statement
    result = conn.execute(
        statement, params or {}, execution_options=execution_options
    )
  File "D:\Delhi Protest\backend\.venv\Lib\site-packages\sqlalchemy\engine\base.py", line 1421, in execute
    return meth(
        self,
        distilled_parameters,
        execution_options or NO_OPTIONS,
    )
  File "D:\Delhi Protest\backend\.venv\Lib\site-packages\sqlalchemy\sql\elements.py", line 526, in _execute_on_connection
    return connection._execute_clauseelement(
           ~~~~~~~~~~~~~~~~~~~~~~~~~~~~~~~~~^
        self, distilled_params, execution_options
        ^^^^^^^^^^^^^^^^^^^^^^^^^^^^^^^^^^^^^^^^^
    )
    ^
  File "D:\Delhi Protest\backend\.venv\Lib\site-packages\sqlalchemy\engine\base.py", line 1643, in _execute_clauseelement
    ret = self._execute_context(
        dialect,
    ...<8 lines>...
        cache_hit=cache_hit,
    )
  File "D:\Delhi Protest\backend\.venv\Lib\site-packages\sqlalchemy\engine\base.py", line 1848, in _execute_context
    return self._exec_single_context(
           ~~~~~~~~~~~~~~~~~~~~~~~~~^
        dialect, context, statement, parameters
        ^^^^^^^^^^^^^^^^^^^^^^^^^^^^^^^^^^^^^^^
    )
    ^
  File "D:\Delhi Protest\backend\.venv\Lib\site-packages\sqlalchemy\engine\base.py", line 1988, in _exec_single_context
    self._handle_dbapi_exception(
    ~~~~~~~~~~~~~~~~~~~~~~~~~~~~^
        e, str_statement, effective_parameters, cursor, context
        ^^^^^^^^^^^^^^^^^^^^^^^^^^^^^^^^^^^^^^^^^^^^^^^^^^^^^^^
    )
    ^
  File "D:\Delhi Protest\backend\.venv\Lib\site-packages\sqlalchemy\engine\base.py", line 2368, in _handle_dbapi_exception
    raise exc_info[1].with_traceback(exc_info[2])
  File "D:\Delhi Protest\backend\.venv\Lib\site-packages\sqlalchemy\engine\base.py", line 1969, in _exec_single_context
    self.dialect.do_execute(
    ~~~~~~~~~~~~~~~~~~~~~~~^
        cursor, str_statement, effective_parameters, context
        ^^^^^^^^^^^^^^^^^^^^^^^^^^^^^^^^^^^^^^^^^^^^^^^^^^^^
    )
    ^
  File "D:\Delhi Protest\backend\.venv\Lib\site-packages\sqlalchemy\engine\default.py", line 952, in do_execute
    cursor.execute(statement, parameters)
    ~~~~~~~~~~~~~~^^^^^^^^^^^^^^^^^^^^^^^
  File "D:\Delhi Protest\backend\.venv\Lib\site-packages\sqlalchemy\dialects\sqlite\aiosqlite.py", line 183, in execute
    self._adapt_connection._handle_exception(error)
    ~~~~~~~~~~~~~~~~~~~~~~~~~~~~~~~~~~~~~~~~^^^^^^^
  File "D:\Delhi Protest\backend\.venv\Lib\site-packages\sqlalchemy\dialects\sqlite\aiosqlite.py", line 343, in _handle_exception
    raise error
  File "D:\Delhi Protest\backend\.venv\Lib\site-packages\sqlalchemy\dialects\sqlite\aiosqlite.py", line 160, in execute
    _cursor: AsyncIODBAPICursor = self.await_(self._connection.cursor())  # type: ignore[arg-type] # noqa: E501
                                  ~~~~~~~~~~~^^^^^^^^^^^^^^^^^^^^^^^^^^^
  File "D:\Delhi Protest\backend\.venv\Lib\site-packages\sqlalchemy\util\_concurrency_py3k.py", line 123, in await_only
    raise exc.MissingGreenlet(
    ...<2 lines>...
    )
sqlalchemy.exc.MissingGreenlet: greenlet_spawn has not been called; can't call await_only() here. Was IO attempted in an unexpected place? (Background on this error at: https://sqlalche.me/e/20/xd2s)
INFO:     127.0.0.1:55510 - "GET /api/articles/1/sources HTTP/1.1" 500 Internal Server Error
ERROR:    Exception in ASGI application
Traceback (most recent call last):
  File "D:\Delhi Protest\backend\.venv\Lib\site-packages\uvicorn\protocols\http\httptools_impl.py", line 399, in run_asgi
    result = await app(  # type: ignore[func-returns-value]
             ^^^^^^^^^^^^^^^^^^^^^^^^^^^^^^^^^^^^^^^^^^^^^^
        self.scope, self.receive, self.send
        ^^^^^^^^^^^^^^^^^^^^^^^^^^^^^^^^^^^
    )
    ^
  File "D:\Delhi Protest\backend\.venv\Lib\site-packages\uvicorn\middleware\proxy_headers.py", line 70, in __call__
    return await self.app(scope, receive, send)
           ^^^^^^^^^^^^^^^^^^^^^^^^^^^^^^^^^^^^
  File "D:\Delhi Protest\backend\.venv\Lib\site-packages\fastapi\applications.py", line 1054, in __call__
    await super().__call__(scope, receive, send)
  File "D:\Delhi Protest\backend\.venv\Lib\site-packages\starlette\applications.py", line 123, in __call__
    await self.middleware_stack(scope, receive, send)
  File "D:\Delhi Protest\backend\.venv\Lib\site-packages\starlette\middleware\errors.py", line 186, in __call__
    raise exc
  File "D:\Delhi Protest\backend\.venv\Lib\site-packages\starlette\middleware\errors.py", line 164, in __call__
    await self.app(scope, receive, _send)
  File "D:\Delhi Protest\backend\.venv\Lib\site-packages\starlette\middleware\cors.py", line 85, in __call__
    await self.app(scope, receive, send)
  File "D:\Delhi Protest\backend\.venv\Lib\site-packages\starlette\middleware\exceptions.py", line 65, in __call__
    await wrap_app_handling_exceptions(self.app, conn)(scope, receive, send)
  File "D:\Delhi Protest\backend\.venv\Lib\site-packages\starlette\_exception_handler.py", line 64, in wrapped_app
    raise exc
  File "D:\Delhi Protest\backend\.venv\Lib\site-packages\starlette\_exception_handler.py", line 53, in wrapped_app
    await app(scope, receive, sender)
  File "D:\Delhi Protest\backend\.venv\Lib\site-packages\starlette\routing.py", line 756, in __call__
    await self.middleware_stack(scope, receive, send)
  File "D:\Delhi Protest\backend\.venv\Lib\site-packages\starlette\routing.py", line 776, in app
    await route.handle(scope, receive, send)
  File "D:\Delhi Protest\backend\.venv\Lib\site-packages\starlette\routing.py", line 297, in handle
    await self.app(scope, receive, send)
  File "D:\Delhi Protest\backend\.venv\Lib\site-packages\starlette\routing.py", line 77, in app
    await wrap_app_handling_exceptions(app, request)(scope, receive, send)
  File "D:\Delhi Protest\backend\.venv\Lib\site-packages\starlette\_exception_handler.py", line 64, in wrapped_app
    raise exc
  File "D:\Delhi Protest\backend\.venv\Lib\site-packages\starlette\_exception_handler.py", line 53, in wrapped_app
    await app(scope, receive, sender)
  File "D:\Delhi Protest\backend\.venv\Lib\site-packages\starlette\routing.py", line 72, in app
    response = await func(request)
               ^^^^^^^^^^^^^^^^^^^
  File "D:\Delhi Protest\backend\.venv\Lib\site-packages\fastapi\routing.py", line 278, in app
    raw_response = await run_endpoint_function(
                   ^^^^^^^^^^^^^^^^^^^^^^^^^^^^
        dependant=dependant, values=values, is_coroutine=is_coroutine
        ^^^^^^^^^^^^^^^^^^^^^^^^^^^^^^^^^^^^^^^^^^^^^^^^^^^^^^^^^^^^^
    )
    ^
  File "D:\Delhi Protest\backend\.venv\Lib\site-packages\fastapi\routing.py", line 191, in run_endpoint_function
    return await dependant.call(**values)
           ^^^^^^^^^^^^^^^^^^^^^^^^^^^^^^
  File "D:\Delhi Protest\backend\app\routers\__init__.py", line 60, in get_article
    result = await db.execute(
              ^^^^^^^^^^^^^^^
  File "D:\Delhi Protest\backend\.venv\Lib\site-packages\sqlalchemy\orm\attributes.py", line 569, in __get__
    return self.impl.get(state, dict_)  # type: ignore[no-any-return]
           ~~~~~~~~~~~~~^^^^^^^^^^^^^^
  File "D:\Delhi Protest\backend\.venv\Lib\site-packages\sqlalchemy\orm\attributes.py", line 1096, in get
    value = self._fire_loader_callables(state, key, passive)
  File "D:\Delhi Protest\backend\.venv\Lib\site-packages\sqlalchemy\orm\attributes.py", line 1131, in _fire_loader_callables
    return self.callable_(state, passive)
           ~~~~~~~~~~~~~~^^^^^^^^^^^^^^^^
  File "D:\Delhi Protest\backend\.venv\Lib\site-packages\sqlalchemy\orm\strategies.py", line 978, in _load_for_state
    return self._emit_lazyload(
           ~~~~~~~~~~~~~~~~~~~^
        session,
        ^^^^^^^^
    ...<7 lines>...
        execution_options,
        ^^^^^^^^^^^^^^^^^^
    )
    ^
  File "D:\Delhi Protest\backend\.venv\Lib\site-packages\sqlalchemy\orm\strategies.py", line 1141, in _emit_lazyload
    result = session.execute(
        stmt, params, execution_options=execution_options
    )
  File "D:\Delhi Protest\backend\.venv\Lib\site-packages\sqlalchemy\orm\session.py", line 2373, in execute
    return self._execute_internal(
           ~~~~~~~~~~~~~~~~~~~~~~^
        statement,
        ^^^^^^^^^^
    ...<4 lines>...
        _add_event=_add_event,
        ^^^^^^^^^^^^^^^^^^^^^^
    )
    ^
  File "D:\Delhi Protest\backend\.venv\Lib\site-packages\sqlalchemy\orm\session.py", line 2271, in _execute_internal
    result: Result[Any] = compile_state_cls.orm_execute_statement(
                          ~~~~~~~~~~~~~~~~~~~~~~~~~~~~~~~~~~~~~~~^
        self,
        ^^^^^
    ...<4 lines>...
        conn,
        ^^^^^
    )
    ^
  File "D:\Delhi Protest\backend\.venv\Lib\site-packages\sqlalchemy\orm\context.py", line 306, in orm_execute_statement
    result = conn.execute(
        statement, params or {}, execution_options=execution_options
    )
  File "D:\Delhi Protest\backend\.venv\Lib\site-packages\sqlalchemy\engine\base.py", line 1421, in execute
    return meth(
        self,
        distilled_parameters,
        execution_options or NO_OPTIONS,
    )
  File "D:\Delhi Protest\backend\.venv\Lib\site-packages\sqlalchemy\sql\elements.py", line 526, in _execute_on_connection
    return connection._execute_clauseelement(
           ~~~~~~~~~~~~~~~~~~~~~~~~~~~~~~~~~^
        self, distilled_params, execution_options
        ^^^^^^^^^^^^^^^^^^^^^^^^^^^^^^^^^^^^^^^^^
    )
    ^
  File "D:\Delhi Protest\backend\.venv\Lib\site-packages\sqlalchemy\engine\base.py", line 1643, in _execute_clauseelement
    ret = self._execute_context(
        dialect,
    ...<8 lines>...
        cache_hit=cache_hit,
    )
  File "D:\Delhi Protest\backend\.venv\Lib\site-packages\sqlalchemy\engine\base.py", line 1848, in _execute_context
    return self._exec_single_context(
           ~~~~~~~~~~~~~~~~~~~~~~~~~^
        dialect, context, statement, parameters
        ^^^^^^^^^^^^^^^^^^^^^^^^^^^^^^^^^^^^^^^
    )
    ^
  File "D:\Delhi Protest\backend\.venv\Lib\site-packages\sqlalchemy\engine\base.py", line 1988, in _exec_single_context
    self._handle_dbapi_exception(
    ~~~~~~~~~~~~~~~~~~~~~~~~~~~~^
        e, str_statement, effective_parameters, cursor, context
        ^^^^^^^^^^^^^^^^^^^^^^^^^^^^^^^^^^^^^^^^^^^^^^^^^^^^^^^
    )
    ^
  File "D:\Delhi Protest\backend\.venv\Lib\site-packages\sqlalchemy\engine\base.py", line 2368, in _handle_dbapi_exception
    raise exc_info[1].with_traceback(exc_info[2])
  File "D:\Delhi Protest\backend\.venv\Lib\site-packages\sqlalchemy\engine\base.py", line 1969, in _exec_single_context
    self.dialect.do_execute(
    ~~~~~~~~~~~~~~~~~~~~~~~^
        cursor, str_statement, effective_parameters, context
        ^^^^^^^^^^^^^^^^^^^^^^^^^^^^^^^^^^^^^^^^^^^^^^^^^^^^
    )
    ^
  File "D:\Delhi Protest\backend\.venv\Lib\site-packages\sqlalchemy\engine\default.py", line 952, in do_execute
    cursor.execute(statement, parameters)
    ~~~~~~~~~~~~~~^^^^^^^^^^^^^^^^^^^^^^^
  File "D:\Delhi Protest\backend\.venv\Lib\site-packages\sqlalchemy\dialects\sqlite\aiosqlite.py", line 183, in execute
    self._adapt_connection._handle_exception(error)
    ~~~~~~~~~~~~~~~~~~~~~~~~~~~~~~~~~~~~~~~~^^^^^^^
  File "D:\Delhi Protest\backend\.venv\Lib\site-packages\sqlalchemy\dialects\sqlite\aiosqlite.py", line 343, in _handle_exception
    raise error
  File "D:\Delhi Protest\backend\.venv\Lib\site-packages\sqlalchemy\dialects\sqlite\aiosqlite.py", line 160, in execute
    _cursor: AsyncIODBAPICursor = self.await_(self._connection.cursor())  # type: ignore[arg-type] # noqa: E501
                                  ~~~~~~~~~~~^^^^^^^^^^^^^^^^^^^^^^^^^^^
  File "D:\Delhi Protest\backend\.venv\Lib\site-packages\sqlalchemy\util\_concurrency_py3k.py", line 123, in await_only
    raise exc.MissingGreenlet(
    ...<2 lines>...
    )
sqlalchemy.exc.MissingGreenlet: greenlet_spawn has not been called; can't call await_only() here. Was IO attempted in an unexpected place? (Background on this error at: https://sqlalche.me/e/20/xd2s)
INFO:     127.0.0.1:54152 - "GET /api/articles/1/sources HTTP/1.1" 500 Internal Server Error
ERROR:    Exception in ASGI application
Traceback (most recent call last):
  File "D:\Delhi Protest\backend\.venv\Lib\site-packages\uvicorn\protocols\http\httptools_impl.py", line 399, in run_asgi
    result = await app(  # type: ignore[func-returns-value]
             ^^^^^^^^^^^^^^^^^^^^^^^^^^^^^^^^^^^^^^^^^^^^^^
        self.scope, self.receive, self.send
        ^^^^^^^^^^^^^^^^^^^^^^^^^^^^^^^^^^^
    )
    ^
  File "D:\Delhi Protest\backend\.venv\Lib\site-packages\uvicorn\middleware\proxy_headers.py", line 70, in __call__
    return await self.app(scope, receive, send)
           ^^^^^^^^^^^^^^^^^^^^^^^^^^^^^^^^^^^^
  File "D:\Delhi Protest\backend\.venv\Lib\site-packages\fastapi\applications.py", line 1054, in __call__
    await super().__call__(scope, receive, send)
  File "D:\Delhi Protest\backend\.venv\Lib\site-packages\starlette\applications.py", line 123, in __call__
    await self.middleware_stack(scope, receive, send)
  File "D:\Delhi Protest\backend\.venv\Lib\site-packages\starlette\middleware\errors.py", line 186, in __call__
    raise exc
  File "D:\Delhi Protest\backend\.venv\Lib\site-packages\starlette\middleware\errors.py", line 164, in __call__
    await self.app(scope, receive, _send)
  File "D:\Delhi Protest\backend\.venv\Lib\site-packages\starlette\middleware\cors.py", line 85, in __call__
    await self.app(scope, receive, send)
  File "D:\Delhi Protest\backend\.venv\Lib\site-packages\starlette\middleware\exceptions.py", line 65, in __call__
    await wrap_app_handling_exceptions(self.app, conn)(scope, receive, send)
  File "D:\Delhi Protest\backend\.venv\Lib\site-packages\starlette\_exception_handler.py", line 64, in wrapped_app
    raise exc
  File "D:\Delhi Protest\backend\.venv\Lib\site-packages\starlette\_exception_handler.py", line 53, in wrapped_app
    await app(scope, receive, sender)
  File "D:\Delhi Protest\backend\.venv\Lib\site-packages\starlette\routing.py", line 756, in __call__
    await self.middleware_stack(scope, receive, send)
  File "D:\Delhi Protest\backend\.venv\Lib\site-packages\starlette\routing.py", line 776, in app
    await route.handle(scope, receive, send)
  File "D:\Delhi Protest\backend\.venv\Lib\site-packages\starlette\routing.py", line 297, in handle
    await self.app(scope, receive, send)
  File "D:\Delhi Protest\backend\.venv\Lib\site-packages\starlette\routing.py", line 77, in app
    await wrap_app_handling_exceptions(app, request)(scope, receive, send)
  File "D:\Delhi Protest\backend\.venv\Lib\site-packages\starlette\_exception_handler.py", line 64, in wrapped_app
    raise exc
  File "D:\Delhi Protest\backend\.venv\Lib\site-packages\starlette\_exception_handler.py", line 53, in wrapped_app
    await app(scope, receive, sender)
  File "D:\Delhi Protest\backend\.venv\Lib\site-packages\starlette\routing.py", line 72, in app
    response = await func(request)
               ^^^^^^^^^^^^^^^^^^^
  File "D:\Delhi Protest\backend\.venv\Lib\site-packages\fastapi\routing.py", line 278, in app
    raw_response = await run_endpoint_function(
                   ^^^^^^^^^^^^^^^^^^^^^^^^^^^^
        dependant=dependant, values=values, is_coroutine=is_coroutine
        ^^^^^^^^^^^^^^^^^^^^^^^^^^^^^^^^^^^^^^^^^^^^^^^^^^^^^^^^^^^^^
    )
    ^
  File "D:\Delhi Protest\backend\.venv\Lib\site-packages\fastapi\routing.py", line 191, in run_endpoint_function
    return await dependant.call(**values)
           ^^^^^^^^^^^^^^^^^^^^^^^^^^^^^^
  File "D:\Delhi Protest\backend\app\routers\__init__.py", line 60, in get_article
    result = await db.execute(
              ^^^^^^^^^^^^^^^
  File "D:\Delhi Protest\backend\.venv\Lib\site-packages\sqlalchemy\orm\attributes.py", line 569, in __get__
    return self.impl.get(state, dict_)  # type: ignore[no-any-return]
           ~~~~~~~~~~~~~^^^^^^^^^^^^^^
  File "D:\Delhi Protest\backend\.venv\Lib\site-packages\sqlalchemy\orm\attributes.py", line 1096, in get
    value = self._fire_loader_callables(state, key, passive)
  File "D:\Delhi Protest\backend\.venv\Lib\site-packages\sqlalchemy\orm\attributes.py", line 1131, in _fire_loader_callables
    return self.callable_(state, passive)
           ~~~~~~~~~~~~~~^^^^^^^^^^^^^^^^
  File "D:\Delhi Protest\backend\.venv\Lib\site-packages\sqlalchemy\orm\strategies.py", line 978, in _load_for_state
    return self._emit_lazyload(
           ~~~~~~~~~~~~~~~~~~~^
        session,
        ^^^^^^^^
    ...<7 lines>...
        execution_options,
        ^^^^^^^^^^^^^^^^^^
    )
    ^
  File "D:\Delhi Protest\backend\.venv\Lib\site-packages\sqlalchemy\orm\strategies.py", line 1141, in _emit_lazyload
    result = session.execute(
        stmt, params, execution_options=execution_options
    )
  File "D:\Delhi Protest\backend\.venv\Lib\site-packages\sqlalchemy\orm\session.py", line 2373, in execute
    return self._execute_internal(
           ~~~~~~~~~~~~~~~~~~~~~~^
        statement,
        ^^^^^^^^^^
    ...<4 lines>...
        _add_event=_add_event,
        ^^^^^^^^^^^^^^^^^^^^^^
    )
    ^
  File "D:\Delhi Protest\backend\.venv\Lib\site-packages\sqlalchemy\orm\session.py", line 2271, in _execute_internal
    result: Result[Any] = compile_state_cls.orm_execute_statement(
                          ~~~~~~~~~~~~~~~~~~~~~~~~~~~~~~~~~~~~~~~^
        self,
        ^^^^^
    ...<4 lines>...
        conn,
        ^^^^^
    )
    ^
  File "D:\Delhi Protest\backend\.venv\Lib\site-packages\sqlalchemy\orm\context.py", line 306, in orm_execute_statement
    result = conn.execute(
        statement, params or {}, execution_options=execution_options
    )
  File "D:\Delhi Protest\backend\.venv\Lib\site-packages\sqlalchemy\engine\base.py", line 1421, in execute
    return meth(
        self,
        distilled_parameters,
        execution_options or NO_OPTIONS,
    )
  File "D:\Delhi Protest\backend\.venv\Lib\site-packages\sqlalchemy\sql\elements.py", line 526, in _execute_on_connection
    return connection._execute_clauseelement(
           ~~~~~~~~~~~~~~~~~~~~~~~~~~~~~~~~~^
        self, distilled_params, execution_options
        ^^^^^^^^^^^^^^^^^^^^^^^^^^^^^^^^^^^^^^^^^
    )
    ^
  File "D:\Delhi Protest\backend\.venv\Lib\site-packages\sqlalchemy\engine\base.py", line 1643, in _execute_clauseelement
    ret = self._execute_context(
        dialect,
    ...<8 lines>...
        cache_hit=cache_hit,
    )
  File "D:\Delhi Protest\backend\.venv\Lib\site-packages\sqlalchemy\engine\base.py", line 1848, in _execute_context
    return self._exec_single_context(
           ~~~~~~~~~~~~~~~~~~~~~~~~~^
        dialect, context, statement, parameters
        ^^^^^^^^^^^^^^^^^^^^^^^^^^^^^^^^^^^^^^^
    )
    ^
  File "D:\Delhi Protest\backend\.venv\Lib\site-packages\sqlalchemy\engine\base.py", line 1988, in _exec_single_context
    self._handle_dbapi_exception(
    ~~~~~~~~~~~~~~~~~~~~~~~~~~~~^
        e, str_statement, effective_parameters, cursor, context
        ^^^^^^^^^^^^^^^^^^^^^^^^^^^^^^^^^^^^^^^^^^^^^^^^^^^^^^^
    )
    ^
  File "D:\Delhi Protest\backend\.venv\Lib\site-packages\sqlalchemy\engine\base.py", line 2368, in _handle_dbapi_exception
    raise exc_info[1].with_traceback(exc_info[2])
  File "D:\Delhi Protest\backend\.venv\Lib\site-packages\sqlalchemy\engine\base.py", line 1969, in _exec_single_context
    self.dialect.do_execute(
    ~~~~~~~~~~~~~~~~~~~~~~~^
        cursor, str_statement, effective_parameters, context
        ^^^^^^^^^^^^^^^^^^^^^^^^^^^^^^^^^^^^^^^^^^^^^^^^^^^^
    )
    ^
  File "D:\Delhi Protest\backend\.venv\Lib\site-packages\sqlalchemy\engine\default.py", line 952, in do_execute
    cursor.execute(statement, parameters)
    ~~~~~~~~~~~~~~^^^^^^^^^^^^^^^^^^^^^^^
  File "D:\Delhi Protest\backend\.venv\Lib\site-packages\sqlalchemy\dialects\sqlite\aiosqlite.py", line 183, in execute
    self._adapt_connection._handle_exception(error)
    ~~~~~~~~~~~~~~~~~~~~~~~~~~~~~~~~~~~~~~~~^^^^^^^
  File "D:\Delhi Protest\backend\.venv\Lib\site-packages\sqlalchemy\dialects\sqlite\aiosqlite.py", line 343, in _handle_exception
    raise error
  File "D:\Delhi Protest\backend\.venv\Lib\site-packages\sqlalchemy\dialects\sqlite\aiosqlite.py", line 160, in execute
    _cursor: AsyncIODBAPICursor = self.await_(self._connection.cursor())  # type: ignore[arg-type] # noqa: E501
                                  ~~~~~~~~~~~^^^^^^^^^^^^^^^^^^^^^^^^^^^
  File "D:\Delhi Protest\backend\.venv\Lib\site-packages\sqlalchemy\util\_concurrency_py3k.py", line 123, in await_only
    raise exc.MissingGreenlet(
    ...<2 lines>...
    )
sqlalchemy.exc.MissingGreenlet: greenlet_spawn has not been called; can't call await_only() here. Was IO attempted in an unexpected place? (Background on this error at: https://sqlalche.me/e/20/xd2s)
INFO:     127.0.0.1:54154 - "GET /api/articles/1/sources HTTP/1.1" 500 Internal Server Error
ERROR:    Exception in ASGI application
Traceback (most recent call last):
  File "D:\Delhi Protest\backend\.venv\Lib\site-packages\uvicorn\protocols\http\httptools_impl.py", line 399, in run_asgi
    result = await app(  # type: ignore[func-returns-value]
             ^^^^^^^^^^^^^^^^^^^^^^^^^^^^^^^^^^^^^^^^^^^^^^
        self.scope, self.receive, self.send
        ^^^^^^^^^^^^^^^^^^^^^^^^^^^^^^^^^^^
    )
    ^
  File "D:\Delhi Protest\backend\.venv\Lib\site-packages\uvicorn\middleware\proxy_headers.py", line 70, in __call__
    return await self.app(scope, receive, send)
           ^^^^^^^^^^^^^^^^^^^^^^^^^^^^^^^^^^^^
  File "D:\Delhi Protest\backend\.venv\Lib\site-packages\fastapi\applications.py", line 1054, in __call__
    await super().__call__(scope, receive, send)
  File "D:\Delhi Protest\backend\.venv\Lib\site-packages\starlette\applications.py", line 123, in __call__
    await self.middleware_stack(scope, receive, send)
  File "D:\Delhi Protest\backend\.venv\Lib\site-packages\starlette\middleware\errors.py", line 186, in __call__
    raise exc
  File "D:\Delhi Protest\backend\.venv\Lib\site-packages\starlette\middleware\errors.py", line 164, in __call__
    await self.app(scope, receive, _send)
  File "D:\Delhi Protest\backend\.venv\Lib\site-packages\starlette\middleware\cors.py", line 85, in __call__
    await self.app(scope, receive, send)
  File "D:\Delhi Protest\backend\.venv\Lib\site-packages\starlette\middleware\exceptions.py", line 65, in __call__
    await wrap_app_handling_exceptions(self.app, conn)(scope, receive, send)
  File "D:\Delhi Protest\backend\.venv\Lib\site-packages\starlette\_exception_handler.py", line 64, in wrapped_app
    raise exc
  File "D:\Delhi Protest\backend\.venv\Lib\site-packages\starlette\_exception_handler.py", line 53, in wrapped_app
    await app(scope, receive, sender)
  File "D:\Delhi Protest\backend\.venv\Lib\site-packages\starlette\routing.py", line 756, in __call__
    await self.middleware_stack(scope, receive, send)
  File "D:\Delhi Protest\backend\.venv\Lib\site-packages\starlette\routing.py", line 776, in app
    await route.handle(scope, receive, send)
  File "D:\Delhi Protest\backend\.venv\Lib\site-packages\starlette\routing.py", line 297, in handle
    await self.app(scope, receive, send)
  File "D:\Delhi Protest\backend\.venv\Lib\site-packages\starlette\routing.py", line 77, in app
    await wrap_app_handling_exceptions(app, request)(scope, receive, send)
  File "D:\Delhi Protest\backend\.venv\Lib\site-packages\starlette\_exception_handler.py", line 64, in wrapped_app
    raise exc
  File "D:\Delhi Protest\backend\.venv\Lib\site-packages\starlette\_exception_handler.py", line 53, in wrapped_app
    await app(scope, receive, sender)
  File "D:\Delhi Protest\backend\.venv\Lib\site-packages\starlette\routing.py", line 72, in app
    response = await func(request)
               ^^^^^^^^^^^^^^^^^^^
  File "D:\Delhi Protest\backend\.venv\Lib\site-packages\fastapi\routing.py", line 278, in app
    raw_response = await run_endpoint_function(
                   ^^^^^^^^^^^^^^^^^^^^^^^^^^^^
        dependant=dependant, values=values, is_coroutine=is_coroutine
        ^^^^^^^^^^^^^^^^^^^^^^^^^^^^^^^^^^^^^^^^^^^^^^^^^^^^^^^^^^^^^
    )
    ^
  File "D:\Delhi Protest\backend\.venv\Lib\site-packages\fastapi\routing.py", line 191, in run_endpoint_function
    return await dependant.call(**values)
           ^^^^^^^^^^^^^^^^^^^^^^^^^^^^^^
  File "D:\Delhi Protest\backend\app\routers\__init__.py", line 60, in get_article
    result = await db.execute(
              ^^^^^^^^^^^^^^^
  File "D:\Delhi Protest\backend\.venv\Lib\site-packages\sqlalchemy\orm\attributes.py", line 569, in __get__
    return self.impl.get(state, dict_)  # type: ignore[no-any-return]
           ~~~~~~~~~~~~~^^^^^^^^^^^^^^
  File "D:\Delhi Protest\backend\.venv\Lib\site-packages\sqlalchemy\orm\attributes.py", line 1096, in get
    value = self._fire_loader_callables(state, key, passive)
  File "D:\Delhi Protest\backend\.venv\Lib\site-packages\sqlalchemy\orm\attributes.py", line 1131, in _fire_loader_callables
    return self.callable_(state, passive)
           ~~~~~~~~~~~~~~^^^^^^^^^^^^^^^^
  File "D:\Delhi Protest\backend\.venv\Lib\site-packages\sqlalchemy\orm\strategies.py", line 978, in _load_for_state
    return self._emit_lazyload(
           ~~~~~~~~~~~~~~~~~~~^
        session,
        ^^^^^^^^
    ...<7 lines>...
        execution_options,
        ^^^^^^^^^^^^^^^^^^
    )
    ^
  File "D:\Delhi Protest\backend\.venv\Lib\site-packages\sqlalchemy\orm\strategies.py", line 1141, in _emit_lazyload
    result = session.execute(
        stmt, params, execution_options=execution_options
    )
  File "D:\Delhi Protest\backend\.venv\Lib\site-packages\sqlalchemy\orm\session.py", line 2373, in execute
    return self._execute_internal(
           ~~~~~~~~~~~~~~~~~~~~~~^
        statement,
        ^^^^^^^^^^
    ...<4 lines>...
        _add_event=_add_event,
        ^^^^^^^^^^^^^^^^^^^^^^
    )
    ^
  File "D:\Delhi Protest\backend\.venv\Lib\site-packages\sqlalchemy\orm\session.py", line 2271, in _execute_internal
    result: Result[Any] = compile_state_cls.orm_execute_statement(
                          ~~~~~~~~~~~~~~~~~~~~~~~~~~~~~~~~~~~~~~~^
        self,
        ^^^^^
    ...<4 lines>...
        conn,
        ^^^^^
    )
    ^
  File "D:\Delhi Protest\backend\.venv\Lib\site-packages\sqlalchemy\orm\context.py", line 306, in orm_execute_statement
    result = conn.execute(
        statement, params or {}, execution_options=execution_options
    )
  File "D:\Delhi Protest\backend\.venv\Lib\site-packages\sqlalchemy\engine\base.py", line 1421, in execute
    return meth(
        self,
        distilled_parameters,
        execution_options or NO_OPTIONS,
    )
  File "D:\Delhi Protest\backend\.venv\Lib\site-packages\sqlalchemy\sql\elements.py", line 526, in _execute_on_connection
    return connection._execute_clauseelement(
           ~~~~~~~~~~~~~~~~~~~~~~~~~~~~~~~~~^
        self, distilled_params, execution_options
        ^^^^^^^^^^^^^^^^^^^^^^^^^^^^^^^^^^^^^^^^^
    )
    ^
  File "D:\Delhi Protest\backend\.venv\Lib\site-packages\sqlalchemy\engine\base.py", line 1643, in _execute_clauseelement
    ret = self._execute_context(
        dialect,
    ...<8 lines>...
        cache_hit=cache_hit,
    )
  File "D:\Delhi Protest\backend\.venv\Lib\site-packages\sqlalchemy\engine\base.py", line 1848, in _execute_context
    return self._exec_single_context(
           ~~~~~~~~~~~~~~~~~~~~~~~~~^
        dialect, context, statement, parameters
        ^^^^^^^^^^^^^^^^^^^^^^^^^^^^^^^^^^^^^^^
    )
    ^
  File "D:\Delhi Protest\backend\.venv\Lib\site-packages\sqlalchemy\engine\base.py", line 1988, in _exec_single_context
    self._handle_dbapi_exception(
    ~~~~~~~~~~~~~~~~~~~~~~~~~~~~^
        e, str_statement, effective_parameters, cursor, context
        ^^^^^^^^^^^^^^^^^^^^^^^^^^^^^^^^^^^^^^^^^^^^^^^^^^^^^^^
    )
    ^
  File "D:\Delhi Protest\backend\.venv\Lib\site-packages\sqlalchemy\engine\base.py", line 2368, in _handle_dbapi_exception
    raise exc_info[1].with_traceback(exc_info[2])
  File "D:\Delhi Protest\backend\.venv\Lib\site-packages\sqlalchemy\engine\base.py", line 1969, in _exec_single_context
    self.dialect.do_execute(
    ~~~~~~~~~~~~~~~~~~~~~~~^
        cursor, str_statement, effective_parameters, context
        ^^^^^^^^^^^^^^^^^^^^^^^^^^^^^^^^^^^^^^^^^^^^^^^^^^^^
    )
    ^
  File "D:\Delhi Protest\backend\.venv\Lib\site-packages\sqlalchemy\engine\default.py", line 952, in do_execute
    cursor.execute(statement, parameters)
    ~~~~~~~~~~~~~~^^^^^^^^^^^^^^^^^^^^^^^
  File "D:\Delhi Protest\backend\.venv\Lib\site-packages\sqlalchemy\dialects\sqlite\aiosqlite.py", line 183, in execute
    self._adapt_connection._handle_exception(error)
    ~~~~~~~~~~~~~~~~~~~~~~~~~~~~~~~~~~~~~~~~^^^^^^^
  File "D:\Delhi Protest\backend\.venv\Lib\site-packages\sqlalchemy\dialects\sqlite\aiosqlite.py", line 343, in _handle_exception
    raise error
  File "D:\Delhi Protest\backend\.venv\Lib\site-packages\sqlalchemy\dialects\sqlite\aiosqlite.py", line 160, in execute
    _cursor: AsyncIODBAPICursor = self.await_(self._connection.cursor())  # type: ignore[arg-type] # noqa: E501
                                  ~~~~~~~~~~~^^^^^^^^^^^^^^^^^^^^^^^^^^^
  File "D:\Delhi Protest\backend\.venv\Lib\site-packages\sqlalchemy\util\_concurrency_py3k.py", line 123, in await_only
    raise exc.MissingGreenlet(
    ...<2 lines>...
    )
sqlalchemy.exc.MissingGreenlet: greenlet_spawn has not been called; can't call await_only() here. Was IO attempted in an unexpected place? (Background on this error at: https://sqlalche.me/e/20/xd2s)
INFO:     127.0.0.1:58083 - "GET /api/articles/1/sources HTTP/1.1" 500 Internal Server Error
ERROR:    Exception in ASGI application
Traceback (most recent call last):
  File "D:\Delhi Protest\backend\.venv\Lib\site-packages\uvicorn\protocols\http\httptools_impl.py", line 399, in run_asgi
    result = await app(  # type: ignore[func-returns-value]
             ^^^^^^^^^^^^^^^^^^^^^^^^^^^^^^^^^^^^^^^^^^^^^^
        self.scope, self.receive, self.send
        ^^^^^^^^^^^^^^^^^^^^^^^^^^^^^^^^^^^
    )
    ^
  File "D:\Delhi Protest\backend\.venv\Lib\site-packages\uvicorn\middleware\proxy_headers.py", line 70, in __call__
    return await self.app(scope, receive, send)
           ^^^^^^^^^^^^^^^^^^^^^^^^^^^^^^^^^^^^
  File "D:\Delhi Protest\backend\.venv\Lib\site-packages\fastapi\applications.py", line 1054, in __call__
    await super().__call__(scope, receive, send)
  File "D:\Delhi Protest\backend\.venv\Lib\site-packages\starlette\applications.py", line 123, in __call__
    await self.middleware_stack(scope, receive, send)
  File "D:\Delhi Protest\backend\.venv\Lib\site-packages\starlette\middleware\errors.py", line 186, in __call__
    raise exc
  File "D:\Delhi Protest\backend\.venv\Lib\site-packages\starlette\middleware\errors.py", line 164, in __call__
    await self.app(scope, receive, _send)
  File "D:\Delhi Protest\backend\.venv\Lib\site-packages\starlette\middleware\cors.py", line 85, in __call__
    await self.app(scope, receive, send)
  File "D:\Delhi Protest\backend\.venv\Lib\site-packages\starlette\middleware\exceptions.py", line 65, in __call__
    await wrap_app_handling_exceptions(self.app, conn)(scope, receive, send)
  File "D:\Delhi Protest\backend\.venv\Lib\site-packages\starlette\_exception_handler.py", line 64, in wrapped_app
    raise exc
  File "D:\Delhi Protest\backend\.venv\Lib\site-packages\starlette\_exception_handler.py", line 53, in wrapped_app
    await app(scope, receive, sender)
  File "D:\Delhi Protest\backend\.venv\Lib\site-packages\starlette\routing.py", line 756, in __call__
    await self.middleware_stack(scope, receive, send)
  File "D:\Delhi Protest\backend\.venv\Lib\site-packages\starlette\routing.py", line 776, in app
    await route.handle(scope, receive, send)
  File "D:\Delhi Protest\backend\.venv\Lib\site-packages\starlette\routing.py", line 297, in handle
    await self.app(scope, receive, send)
  File "D:\Delhi Protest\backend\.venv\Lib\site-packages\starlette\routing.py", line 77, in app
    await wrap_app_handling_exceptions(app, request)(scope, receive, send)
  File "D:\Delhi Protest\backend\.venv\Lib\site-packages\starlette\_exception_handler.py", line 64, in wrapped_app
    raise exc
  File "D:\Delhi Protest\backend\.venv\Lib\site-packages\starlette\_exception_handler.py", line 53, in wrapped_app
    await app(scope, receive, sender)
  File "D:\Delhi Protest\backend\.venv\Lib\site-packages\starlette\routing.py", line 72, in app
    response = await func(request)
               ^^^^^^^^^^^^^^^^^^^
  File "D:\Delhi Protest\backend\.venv\Lib\site-packages\fastapi\routing.py", line 278, in app
    raw_response = await run_endpoint_function(
                   ^^^^^^^^^^^^^^^^^^^^^^^^^^^^
        dependant=dependant, values=values, is_coroutine=is_coroutine
        ^^^^^^^^^^^^^^^^^^^^^^^^^^^^^^^^^^^^^^^^^^^^^^^^^^^^^^^^^^^^^
    )
    ^
  File "D:\Delhi Protest\backend\.venv\Lib\site-packages\fastapi\routing.py", line 191, in run_endpoint_function
    return await dependant.call(**values)
           ^^^^^^^^^^^^^^^^^^^^^^^^^^^^^^
  File "D:\Delhi Protest\backend\app\routers\__init__.py", line 60, in get_article
    result = await db.execute(
              ^^^^^^^^^^^^^^^
  File "D:\Delhi Protest\backend\.venv\Lib\site-packages\sqlalchemy\orm\attributes.py", line 569, in __get__
    return self.impl.get(state, dict_)  # type: ignore[no-any-return]
           ~~~~~~~~~~~~~^^^^^^^^^^^^^^
  File "D:\Delhi Protest\backend\.venv\Lib\site-packages\sqlalchemy\orm\attributes.py", line 1096, in get
    value = self._fire_loader_callables(state, key, passive)
  File "D:\Delhi Protest\backend\.venv\Lib\site-packages\sqlalchemy\orm\attributes.py", line 1131, in _fire_loader_callables
    return self.callable_(state, passive)
           ~~~~~~~~~~~~~~^^^^^^^^^^^^^^^^
  File "D:\Delhi Protest\backend\.venv\Lib\site-packages\sqlalchemy\orm\strategies.py", line 978, in _load_for_state
    return self._emit_lazyload(
           ~~~~~~~~~~~~~~~~~~~^
        session,
        ^^^^^^^^
    ...<7 lines>...
        execution_options,
        ^^^^^^^^^^^^^^^^^^
    )
    ^
  File "D:\Delhi Protest\backend\.venv\Lib\site-packages\sqlalchemy\orm\strategies.py", line 1141, in _emit_lazyload
    result = session.execute(
        stmt, params, execution_options=execution_options
    )
  File "D:\Delhi Protest\backend\.venv\Lib\site-packages\sqlalchemy\orm\session.py", line 2373, in execute
    return self._execute_internal(
           ~~~~~~~~~~~~~~~~~~~~~~^
        statement,
        ^^^^^^^^^^
    ...<4 lines>...
        _add_event=_add_event,
        ^^^^^^^^^^^^^^^^^^^^^^
    )
    ^
  File "D:\Delhi Protest\backend\.venv\Lib\site-packages\sqlalchemy\orm\session.py", line 2271, in _execute_internal
    result: Result[Any] = compile_state_cls.orm_execute_statement(
                          ~~~~~~~~~~~~~~~~~~~~~~~~~~~~~~~~~~~~~~~^
        self,
        ^^^^^
    ...<4 lines>...
        conn,
        ^^^^^
    )
    ^
  File "D:\Delhi Protest\backend\.venv\Lib\site-packages\sqlalchemy\orm\context.py", line 306, in orm_execute_statement
    result = conn.execute(
        statement, params or {}, execution_options=execution_options
    )
  File "D:\Delhi Protest\backend\.venv\Lib\site-packages\sqlalchemy\engine\base.py", line 1421, in execute
    return meth(
        self,
        distilled_parameters,
        execution_options or NO_OPTIONS,
    )
  File "D:\Delhi Protest\backend\.venv\Lib\site-packages\sqlalchemy\sql\elements.py", line 526, in _execute_on_connection
    return connection._execute_clauseelement(
           ~~~~~~~~~~~~~~~~~~~~~~~~~~~~~~~~~^
        self, distilled_params, execution_options
        ^^^^^^^^^^^^^^^^^^^^^^^^^^^^^^^^^^^^^^^^^
    )
    ^
  File "D:\Delhi Protest\backend\.venv\Lib\site-packages\sqlalchemy\engine\base.py", line 1643, in _execute_clauseelement
    ret = self._execute_context(
        dialect,
    ...<8 lines>...
        cache_hit=cache_hit,
    )
  File "D:\Delhi Protest\backend\.venv\Lib\site-packages\sqlalchemy\engine\base.py", line 1848, in _execute_context
    return self._exec_single_context(
           ~~~~~~~~~~~~~~~~~~~~~~~~~^
        dialect, context, statement, parameters
        ^^^^^^^^^^^^^^^^^^^^^^^^^^^^^^^^^^^^^^^
    )
    ^
  File "D:\Delhi Protest\backend\.venv\Lib\site-packages\sqlalchemy\engine\base.py", line 1988, in _exec_single_context
    self._handle_dbapi_exception(
    ~~~~~~~~~~~~~~~~~~~~~~~~~~~~^
        e, str_statement, effective_parameters, cursor, context
        ^^^^^^^^^^^^^^^^^^^^^^^^^^^^^^^^^^^^^^^^^^^^^^^^^^^^^^^
    )
    ^
  File "D:\Delhi Protest\backend\.venv\Lib\site-packages\sqlalchemy\engine\base.py", line 2368, in _handle_dbapi_exception
    raise exc_info[1].with_traceback(exc_info[2])
  File "D:\Delhi Protest\backend\.venv\Lib\site-packages\sqlalchemy\engine\base.py", line 1969, in _exec_single_context
    self.dialect.do_execute(
    ~~~~~~~~~~~~~~~~~~~~~~~^
        cursor, str_statement, effective_parameters, context
        ^^^^^^^^^^^^^^^^^^^^^^^^^^^^^^^^^^^^^^^^^^^^^^^^^^^^
    )
    ^
  File "D:\Delhi Protest\backend\.venv\Lib\site-packages\sqlalchemy\engine\default.py", line 952, in do_execute
    cursor.execute(statement, parameters)
    ~~~~~~~~~~~~~~^^^^^^^^^^^^^^^^^^^^^^^
  File "D:\Delhi Protest\backend\.venv\Lib\site-packages\sqlalchemy\dialects\sqlite\aiosqlite.py", line 183, in execute
    self._adapt_connection._handle_exception(error)
    ~~~~~~~~~~~~~~~~~~~~~~~~~~~~~~~~~~~~~~~~^^^^^^^
  File "D:\Delhi Protest\backend\.venv\Lib\site-packages\sqlalchemy\dialects\sqlite\aiosqlite.py", line 343, in _handle_exception
    raise error
  File "D:\Delhi Protest\backend\.venv\Lib\site-packages\sqlalchemy\dialects\sqlite\aiosqlite.py", line 160, in execute
    _cursor: AsyncIODBAPICursor = self.await_(self._connection.cursor())  # type: ignore[arg-type] # noqa: E501
                                  ~~~~~~~~~~~^^^^^^^^^^^^^^^^^^^^^^^^^^^
  File "D:\Delhi Protest\backend\.venv\Lib\site-packages\sqlalchemy\util\_concurrency_py3k.py", line 123, in await_only
    raise exc.MissingGreenlet(
    ...<2 lines>...
    )
sqlalchemy.exc.MissingGreenlet: greenlet_spawn has not been called; can't call await_only() here. Was IO attempted in an unexpected place? (Background on this error at: https://sqlalche.me/e/20/xd2s)
INFO:     127.0.0.1:58082 - "GET /api/articles/1/sources HTTP/1.1" 500 Internal Server Error
ERROR:    Exception in ASGI application
Traceback (most recent call last):
  File "D:\Delhi Protest\backend\.venv\Lib\site-packages\uvicorn\protocols\http\httptools_impl.py", line 399, in run_asgi
    result = await app(  # type: ignore[func-returns-value]
             ^^^^^^^^^^^^^^^^^^^^^^^^^^^^^^^^^^^^^^^^^^^^^^
        self.scope, self.receive, self.send
        ^^^^^^^^^^^^^^^^^^^^^^^^^^^^^^^^^^^
    )
    ^
  File "D:\Delhi Protest\backend\.venv\Lib\site-packages\uvicorn\middleware\proxy_headers.py", line 70, in __call__
    return await self.app(scope, receive, send)
           ^^^^^^^^^^^^^^^^^^^^^^^^^^^^^^^^^^^^
  File "D:\Delhi Protest\backend\.venv\Lib\site-packages\fastapi\applications.py", line 1054, in __call__
    await super().__call__(scope, receive, send)
  File "D:\Delhi Protest\backend\.venv\Lib\site-packages\starlette\applications.py", line 123, in __call__
    await self.middleware_stack(scope, receive, send)
  File "D:\Delhi Protest\backend\.venv\Lib\site-packages\starlette\middleware\errors.py", line 186, in __call__
    raise exc
  File "D:\Delhi Protest\backend\.venv\Lib\site-packages\starlette\middleware\errors.py", line 164, in __call__
    await self.app(scope, receive, _send)
  File "D:\Delhi Protest\backend\.venv\Lib\site-packages\starlette\middleware\cors.py", line 85, in __call__
    await self.app(scope, receive, send)
  File "D:\Delhi Protest\backend\.venv\Lib\site-packages\starlette\middleware\exceptions.py", line 65, in __call__
    await wrap_app_handling_exceptions(self.app, conn)(scope, receive, send)
  File "D:\Delhi Protest\backend\.venv\Lib\site-packages\starlette\_exception_handler.py", line 64, in wrapped_app
    raise exc
  File "D:\Delhi Protest\backend\.venv\Lib\site-packages\starlette\_exception_handler.py", line 53, in wrapped_app
    await app(scope, receive, sender)
  File "D:\Delhi Protest\backend\.venv\Lib\site-packages\starlette\routing.py", line 756, in __call__
    await self.middleware_stack(scope, receive, send)
  File "D:\Delhi Protest\backend\.venv\Lib\site-packages\starlette\routing.py", line 776, in app
    await route.handle(scope, receive, send)
  File "D:\Delhi Protest\backend\.venv\Lib\site-packages\starlette\routing.py", line 297, in handle
    await self.app(scope, receive, send)
  File "D:\Delhi Protest\backend\.venv\Lib\site-packages\starlette\routing.py", line 77, in app
    await wrap_app_handling_exceptions(app, request)(scope, receive, send)
  File "D:\Delhi Protest\backend\.venv\Lib\site-packages\starlette\_exception_handler.py", line 64, in wrapped_app
    raise exc
  File "D:\Delhi Protest\backend\.venv\Lib\site-packages\starlette\_exception_handler.py", line 53, in wrapped_app
    await app(scope, receive, sender)
  File "D:\Delhi Protest\backend\.venv\Lib\site-packages\starlette\routing.py", line 72, in app
    response = await func(request)
               ^^^^^^^^^^^^^^^^^^^
  File "D:\Delhi Protest\backend\.venv\Lib\site-packages\fastapi\routing.py", line 278, in app
    raw_response = await run_endpoint_function(
                   ^^^^^^^^^^^^^^^^^^^^^^^^^^^^
        dependant=dependant, values=values, is_coroutine=is_coroutine
        ^^^^^^^^^^^^^^^^^^^^^^^^^^^^^^^^^^^^^^^^^^^^^^^^^^^^^^^^^^^^^
    )
    ^
  File "D:\Delhi Protest\backend\.venv\Lib\site-packages\fastapi\routing.py", line 191, in run_endpoint_function
    return await dependant.call(**values)
           ^^^^^^^^^^^^^^^^^^^^^^^^^^^^^^
  File "D:\Delhi Protest\backend\app\routers\__init__.py", line 60, in get_article
    result = await db.execute(
              ^^^^^^^^^^^^^^^
  File "D:\Delhi Protest\backend\.venv\Lib\site-packages\sqlalchemy\orm\attributes.py", line 569, in __get__
    return self.impl.get(state, dict_)  # type: ignore[no-any-return]
           ~~~~~~~~~~~~~^^^^^^^^^^^^^^
  File "D:\Delhi Protest\backend\.venv\Lib\site-packages\sqlalchemy\orm\attributes.py", line 1096, in get
    value = self._fire_loader_callables(state, key, passive)
  File "D:\Delhi Protest\backend\.venv\Lib\site-packages\sqlalchemy\orm\attributes.py", line 1131, in _fire_loader_callables
    return self.callable_(state, passive)
           ~~~~~~~~~~~~~~^^^^^^^^^^^^^^^^
  File "D:\Delhi Protest\backend\.venv\Lib\site-packages\sqlalchemy\orm\strategies.py", line 978, in _load_for_state
    return self._emit_lazyload(
           ~~~~~~~~~~~~~~~~~~~^
        session,
        ^^^^^^^^
    ...<7 lines>...
        execution_options,
        ^^^^^^^^^^^^^^^^^^
    )
    ^
  File "D:\Delhi Protest\backend\.venv\Lib\site-packages\sqlalchemy\orm\strategies.py", line 1141, in _emit_lazyload
    result = session.execute(
        stmt, params, execution_options=execution_options
    )
  File "D:\Delhi Protest\backend\.venv\Lib\site-packages\sqlalchemy\orm\session.py", line 2373, in execute
    return self._execute_internal(
           ~~~~~~~~~~~~~~~~~~~~~~^
        statement,
        ^^^^^^^^^^
    ...<4 lines>...
        _add_event=_add_event,
        ^^^^^^^^^^^^^^^^^^^^^^
    )
    ^
  File "D:\Delhi Protest\backend\.venv\Lib\site-packages\sqlalchemy\orm\session.py", line 2271, in _execute_internal
    result: Result[Any] = compile_state_cls.orm_execute_statement(
                          ~~~~~~~~~~~~~~~~~~~~~~~~~~~~~~~~~~~~~~~^
        self,
        ^^^^^
    ...<4 lines>...
        conn,
        ^^^^^
    )
    ^
  File "D:\Delhi Protest\backend\.venv\Lib\site-packages\sqlalchemy\orm\context.py", line 306, in orm_execute_statement
    result = conn.execute(
        statement, params or {}, execution_options=execution_options
    )
  File "D:\Delhi Protest\backend\.venv\Lib\site-packages\sqlalchemy\engine\base.py", line 1421, in execute
    return meth(
        self,
        distilled_parameters,
        execution_options or NO_OPTIONS,
    )
  File "D:\Delhi Protest\backend\.venv\Lib\site-packages\sqlalchemy\sql\elements.py", line 526, in _execute_on_connection
    return connection._execute_clauseelement(
           ~~~~~~~~~~~~~~~~~~~~~~~~~~~~~~~~~^
        self, distilled_params, execution_options
        ^^^^^^^^^^^^^^^^^^^^^^^^^^^^^^^^^^^^^^^^^
    )
    ^
  File "D:\Delhi Protest\backend\.venv\Lib\site-packages\sqlalchemy\engine\base.py", line 1643, in _execute_clauseelement
    ret = self._execute_context(
        dialect,
    ...<8 lines>...
        cache_hit=cache_hit,
    )
  File "D:\Delhi Protest\backend\.venv\Lib\site-packages\sqlalchemy\engine\base.py", line 1848, in _execute_context
    return self._exec_single_context(
           ~~~~~~~~~~~~~~~~~~~~~~~~~^
        dialect, context, statement, parameters
        ^^^^^^^^^^^^^^^^^^^^^^^^^^^^^^^^^^^^^^^
    )
    ^
  File "D:\Delhi Protest\backend\.venv\Lib\site-packages\sqlalchemy\engine\base.py", line 1988, in _exec_single_context
    self._handle_dbapi_exception(
    ~~~~~~~~~~~~~~~~~~~~~~~~~~~~^
        e, str_statement, effective_parameters, cursor, context
        ^^^^^^^^^^^^^^^^^^^^^^^^^^^^^^^^^^^^^^^^^^^^^^^^^^^^^^^
    )
    ^
  File "D:\Delhi Protest\backend\.venv\Lib\site-packages\sqlalchemy\engine\base.py", line 2368, in _handle_dbapi_exception
    raise exc_info[1].with_traceback(exc_info[2])
  File "D:\Delhi Protest\backend\.venv\Lib\site-packages\sqlalchemy\engine\base.py", line 1969, in _exec_single_context
    self.dialect.do_execute(
    ~~~~~~~~~~~~~~~~~~~~~~~^
        cursor, str_statement, effective_parameters, context
        ^^^^^^^^^^^^^^^^^^^^^^^^^^^^^^^^^^^^^^^^^^^^^^^^^^^^
    )
    ^
  File "D:\Delhi Protest\backend\.venv\Lib\site-packages\sqlalchemy\engine\default.py", line 952, in do_execute
    cursor.execute(statement, parameters)
    ~~~~~~~~~~~~~~^^^^^^^^^^^^^^^^^^^^^^^
  File "D:\Delhi Protest\backend\.venv\Lib\site-packages\sqlalchemy\dialects\sqlite\aiosqlite.py", line 183, in execute
    self._adapt_connection._handle_exception(error)
    ~~~~~~~~~~~~~~~~~~~~~~~~~~~~~~~~~~~~~~~~^^^^^^^
  File "D:\Delhi Protest\backend\.venv\Lib\site-packages\sqlalchemy\dialects\sqlite\aiosqlite.py", line 343, in _handle_exception
    raise error
  File "D:\Delhi Protest\backend\.venv\Lib\site-packages\sqlalchemy\dialects\sqlite\aiosqlite.py", line 160, in execute
    _cursor: AsyncIODBAPICursor = self.await_(self._connection.cursor())  # type: ignore[arg-type] # noqa: E501
                                  ~~~~~~~~~~~^^^^^^^^^^^^^^^^^^^^^^^^^^^
  File "D:\Delhi Protest\backend\.venv\Lib\site-packages\sqlalchemy\util\_concurrency_py3k.py", line 123, in await_only
    raise exc.MissingGreenlet(
    ...<2 lines>...
    )
sqlalchemy.exc.MissingGreenlet: greenlet_spawn has not been called; can't call await_only() here. Was IO attempted in an unexpected place? (Background on this error at: https://sqlalche.me/e/20/xd2s)
INFO:     127.0.0.1:58099 - "GET /api/articles/1/sources HTTP/1.1" 500 Internal Server Error
ERROR:    Exception in ASGI application
Traceback (most recent call last):
  File "D:\Delhi Protest\backend\.venv\Lib\site-packages\uvicorn\protocols\http\httptools_impl.py", line 399, in run_asgi
    result = await app(  # type: ignore[func-returns-value]
             ^^^^^^^^^^^^^^^^^^^^^^^^^^^^^^^^^^^^^^^^^^^^^^
        self.scope, self.receive, self.send
        ^^^^^^^^^^^^^^^^^^^^^^^^^^^^^^^^^^^
    )
    ^
  File "D:\Delhi Protest\backend\.venv\Lib\site-packages\uvicorn\middleware\proxy_headers.py", line 70, in __call__
    return await self.app(scope, receive, send)
           ^^^^^^^^^^^^^^^^^^^^^^^^^^^^^^^^^^^^
  File "D:\Delhi Protest\backend\.venv\Lib\site-packages\fastapi\applications.py", line 1054, in __call__
    await super().__call__(scope, receive, send)
  File "D:\Delhi Protest\backend\.venv\Lib\site-packages\starlette\applications.py", line 123, in __call__
    await self.middleware_stack(scope, receive, send)
  File "D:\Delhi Protest\backend\.venv\Lib\site-packages\starlette\middleware\errors.py", line 186, in __call__
    raise exc
  File "D:\Delhi Protest\backend\.venv\Lib\site-packages\starlette\middleware\errors.py", line 164, in __call__
    await self.app(scope, receive, _send)
  File "D:\Delhi Protest\backend\.venv\Lib\site-packages\starlette\middleware\cors.py", line 85, in __call__
    await self.app(scope, receive, send)
  File "D:\Delhi Protest\backend\.venv\Lib\site-packages\starlette\middleware\exceptions.py", line 65, in __call__
    await wrap_app_handling_exceptions(self.app, conn)(scope, receive, send)
  File "D:\Delhi Protest\backend\.venv\Lib\site-packages\starlette\_exception_handler.py", line 64, in wrapped_app
    raise exc
  File "D:\Delhi Protest\backend\.venv\Lib\site-packages\starlette\_exception_handler.py", line 53, in wrapped_app
    await app(scope, receive, sender)
  File "D:\Delhi Protest\backend\.venv\Lib\site-packages\starlette\routing.py", line 756, in __call__
    await self.middleware_stack(scope, receive, send)
  File "D:\Delhi Protest\backend\.venv\Lib\site-packages\starlette\routing.py", line 776, in app
    await route.handle(scope, receive, send)
  File "D:\Delhi Protest\backend\.venv\Lib\site-packages\starlette\routing.py", line 297, in handle
    await self.app(scope, receive, send)
  File "D:\Delhi Protest\backend\.venv\Lib\site-packages\starlette\routing.py", line 77, in app
    await wrap_app_handling_exceptions(app, request)(scope, receive, send)
  File "D:\Delhi Protest\backend\.venv\Lib\site-packages\starlette\_exception_handler.py", line 64, in wrapped_app
    raise exc
  File "D:\Delhi Protest\backend\.venv\Lib\site-packages\starlette\_exception_handler.py", line 53, in wrapped_app
    await app(scope, receive, sender)
  File "D:\Delhi Protest\backend\.venv\Lib\site-packages\starlette\routing.py", line 72, in app
    response = await func(request)
               ^^^^^^^^^^^^^^^^^^^
  File "D:\Delhi Protest\backend\.venv\Lib\site-packages\fastapi\routing.py", line 278, in app
    raw_response = await run_endpoint_function(
                   ^^^^^^^^^^^^^^^^^^^^^^^^^^^^
        dependant=dependant, values=values, is_coroutine=is_coroutine
        ^^^^^^^^^^^^^^^^^^^^^^^^^^^^^^^^^^^^^^^^^^^^^^^^^^^^^^^^^^^^^
    )
    ^
  File "D:\Delhi Protest\backend\.venv\Lib\site-packages\fastapi\routing.py", line 191, in run_endpoint_function
    return await dependant.call(**values)
           ^^^^^^^^^^^^^^^^^^^^^^^^^^^^^^
  File "D:\Delhi Protest\backend\app\routers\__init__.py", line 60, in get_article
    result = await db.execute(
              ^^^^^^^^^^^^^^^
  File "D:\Delhi Protest\backend\.venv\Lib\site-packages\sqlalchemy\orm\attributes.py", line 569, in __get__
    return self.impl.get(state, dict_)  # type: ignore[no-any-return]
           ~~~~~~~~~~~~~^^^^^^^^^^^^^^
  File "D:\Delhi Protest\backend\.venv\Lib\site-packages\sqlalchemy\orm\attributes.py", line 1096, in get
    value = self._fire_loader_callables(state, key, passive)
  File "D:\Delhi Protest\backend\.venv\Lib\site-packages\sqlalchemy\orm\attributes.py", line 1131, in _fire_loader_callables
    return self.callable_(state, passive)
           ~~~~~~~~~~~~~~^^^^^^^^^^^^^^^^
  File "D:\Delhi Protest\backend\.venv\Lib\site-packages\sqlalchemy\orm\strategies.py", line 978, in _load_for_state
    return self._emit_lazyload(
           ~~~~~~~~~~~~~~~~~~~^
        session,
        ^^^^^^^^
    ...<7 lines>...
        execution_options,
        ^^^^^^^^^^^^^^^^^^
    )
    ^
  File "D:\Delhi Protest\backend\.venv\Lib\site-packages\sqlalchemy\orm\strategies.py", line 1141, in _emit_lazyload
    result = session.execute(
        stmt, params, execution_options=execution_options
    )
  File "D:\Delhi Protest\backend\.venv\Lib\site-packages\sqlalchemy\orm\session.py", line 2373, in execute
    return self._execute_internal(
           ~~~~~~~~~~~~~~~~~~~~~~^
        statement,
        ^^^^^^^^^^
    ...<4 lines>...
        _add_event=_add_event,
        ^^^^^^^^^^^^^^^^^^^^^^
    )
    ^
  File "D:\Delhi Protest\backend\.venv\Lib\site-packages\sqlalchemy\orm\session.py", line 2271, in _execute_internal
    result: Result[Any] = compile_state_cls.orm_execute_statement(
                          ~~~~~~~~~~~~~~~~~~~~~~~~~~~~~~~~~~~~~~~^
        self,
        ^^^^^
    ...<4 lines>...
        conn,
        ^^^^^
    )
    ^
  File "D:\Delhi Protest\backend\.venv\Lib\site-packages\sqlalchemy\orm\context.py", line 306, in orm_execute_statement
    result = conn.execute(
        statement, params or {}, execution_options=execution_options
    )
  File "D:\Delhi Protest\backend\.venv\Lib\site-packages\sqlalchemy\engine\base.py", line 1421, in execute
    return meth(
        self,
        distilled_parameters,
        execution_options or NO_OPTIONS,
    )
  File "D:\Delhi Protest\backend\.venv\Lib\site-packages\sqlalchemy\sql\elements.py", line 526, in _execute_on_connection
    return connection._execute_clauseelement(
           ~~~~~~~~~~~~~~~~~~~~~~~~~~~~~~~~~^
        self, distilled_params, execution_options
        ^^^^^^^^^^^^^^^^^^^^^^^^^^^^^^^^^^^^^^^^^
    )
    ^
  File "D:\Delhi Protest\backend\.venv\Lib\site-packages\sqlalchemy\engine\base.py", line 1643, in _execute_clauseelement
    ret = self._execute_context(
        dialect,
    ...<8 lines>...
        cache_hit=cache_hit,
    )
  File "D:\Delhi Protest\backend\.venv\Lib\site-packages\sqlalchemy\engine\base.py", line 1848, in _execute_context
    return self._exec_single_context(
           ~~~~~~~~~~~~~~~~~~~~~~~~~^
        dialect, context, statement, parameters
        ^^^^^^^^^^^^^^^^^^^^^^^^^^^^^^^^^^^^^^^
    )
    ^
  File "D:\Delhi Protest\backend\.venv\Lib\site-packages\sqlalchemy\engine\base.py", line 1988, in _exec_single_context
    self._handle_dbapi_exception(
    ~~~~~~~~~~~~~~~~~~~~~~~~~~~~^
        e, str_statement, effective_parameters, cursor, context
        ^^^^^^^^^^^^^^^^^^^^^^^^^^^^^^^^^^^^^^^^^^^^^^^^^^^^^^^
    )
    ^
  File "D:\Delhi Protest\backend\.venv\Lib\site-packages\sqlalchemy\engine\base.py", line 2368, in _handle_dbapi_exception
    raise exc_info[1].with_traceback(exc_info[2])
  File "D:\Delhi Protest\backend\.venv\Lib\site-packages\sqlalchemy\engine\base.py", line 1969, in _exec_single_context
    self.dialect.do_execute(
    ~~~~~~~~~~~~~~~~~~~~~~~^
        cursor, str_statement, effective_parameters, context
        ^^^^^^^^^^^^^^^^^^^^^^^^^^^^^^^^^^^^^^^^^^^^^^^^^^^^
    )
    ^
  File "D:\Delhi Protest\backend\.venv\Lib\site-packages\sqlalchemy\engine\default.py", line 952, in do_execute
    cursor.execute(statement, parameters)
    ~~~~~~~~~~~~~~^^^^^^^^^^^^^^^^^^^^^^^
  File "D:\Delhi Protest\backend\.venv\Lib\site-packages\sqlalchemy\dialects\sqlite\aiosqlite.py", line 183, in execute
    self._adapt_connection._handle_exception(error)
    ~~~~~~~~~~~~~~~~~~~~~~~~~~~~~~~~~~~~~~~~^^^^^^^
  File "D:\Delhi Protest\backend\.venv\Lib\site-packages\sqlalchemy\dialects\sqlite\aiosqlite.py", line 343, in _handle_exception
    raise error
  File "D:\Delhi Protest\backend\.venv\Lib\site-packages\sqlalchemy\dialects\sqlite\aiosqlite.py", line 160, in execute
    _cursor: AsyncIODBAPICursor = self.await_(self._connection.cursor())  # type: ignore[arg-type] # noqa: E501
                                  ~~~~~~~~~~~^^^^^^^^^^^^^^^^^^^^^^^^^^^
  File "D:\Delhi Protest\backend\.venv\Lib\site-packages\sqlalchemy\util\_concurrency_py3k.py", line 123, in await_only
    raise exc.MissingGreenlet(
    ...<2 lines>...
    )
sqlalchemy.exc.MissingGreenlet: greenlet_spawn has not been called; can't call await_only() here. Was IO attempted in an unexpected place? (Background on this error at: https://sqlalche.me/e/20/xd2s)
INFO:     127.0.0.1:59763 - "GET /api/articles/1/sources HTTP/1.1" 500 Internal Server Error
ERROR:    Exception in ASGI application
Traceback (most recent call last):
  File "D:\Delhi Protest\backend\.venv\Lib\site-packages\uvicorn\protocols\http\httptools_impl.py", line 399, in run_asgi
    result = await app(  # type: ignore[func-returns-value]
             ^^^^^^^^^^^^^^^^^^^^^^^^^^^^^^^^^^^^^^^^^^^^^^
        self.scope, self.receive, self.send
        ^^^^^^^^^^^^^^^^^^^^^^^^^^^^^^^^^^^
    )
    ^
  File "D:\Delhi Protest\backend\.venv\Lib\site-packages\uvicorn\middleware\proxy_headers.py", line 70, in __call__
    return await self.app(scope, receive, send)
           ^^^^^^^^^^^^^^^^^^^^^^^^^^^^^^^^^^^^
  File "D:\Delhi Protest\backend\.venv\Lib\site-packages\fastapi\applications.py", line 1054, in __call__
    await super().__call__(scope, receive, send)
  File "D:\Delhi Protest\backend\.venv\Lib\site-packages\starlette\applications.py", line 123, in __call__
    await self.middleware_stack(scope, receive, send)
  File "D:\Delhi Protest\backend\.venv\Lib\site-packages\starlette\middleware\errors.py", line 186, in __call__
    raise exc
  File "D:\Delhi Protest\backend\.venv\Lib\site-packages\starlette\middleware\errors.py", line 164, in __call__
    await self.app(scope, receive, _send)
  File "D:\Delhi Protest\backend\.venv\Lib\site-packages\starlette\middleware\cors.py", line 85, in __call__
    await self.app(scope, receive, send)
  File "D:\Delhi Protest\backend\.venv\Lib\site-packages\starlette\middleware\exceptions.py", line 65, in __call__
    await wrap_app_handling_exceptions(self.app, conn)(scope, receive, send)
  File "D:\Delhi Protest\backend\.venv\Lib\site-packages\starlette\_exception_handler.py", line 64, in wrapped_app
    raise exc
  File "D:\Delhi Protest\backend\.venv\Lib\site-packages\starlette\_exception_handler.py", line 53, in wrapped_app
    await app(scope, receive, sender)
  File "D:\Delhi Protest\backend\.venv\Lib\site-packages\starlette\routing.py", line 756, in __call__
    await self.middleware_stack(scope, receive, send)
  File "D:\Delhi Protest\backend\.venv\Lib\site-packages\starlette\routing.py", line 776, in app
    await route.handle(scope, receive, send)
  File "D:\Delhi Protest\backend\.venv\Lib\site-packages\starlette\routing.py", line 297, in handle
    await self.app(scope, receive, send)
  File "D:\Delhi Protest\backend\.venv\Lib\site-packages\starlette\routing.py", line 77, in app
    await wrap_app_handling_exceptions(app, request)(scope, receive, send)
  File "D:\Delhi Protest\backend\.venv\Lib\site-packages\starlette\_exception_handler.py", line 64, in wrapped_app
    raise exc
  File "D:\Delhi Protest\backend\.venv\Lib\site-packages\starlette\_exception_handler.py", line 53, in wrapped_app
    await app(scope, receive, sender)
  File "D:\Delhi Protest\backend\.venv\Lib\site-packages\starlette\routing.py", line 72, in app
    response = await func(request)
               ^^^^^^^^^^^^^^^^^^^
  File "D:\Delhi Protest\backend\.venv\Lib\site-packages\fastapi\routing.py", line 278, in app
    raw_response = await run_endpoint_function(
                   ^^^^^^^^^^^^^^^^^^^^^^^^^^^^
        dependant=dependant, values=values, is_coroutine=is_coroutine
        ^^^^^^^^^^^^^^^^^^^^^^^^^^^^^^^^^^^^^^^^^^^^^^^^^^^^^^^^^^^^^
    )
    ^
  File "D:\Delhi Protest\backend\.venv\Lib\site-packages\fastapi\routing.py", line 191, in run_endpoint_function
    return await dependant.call(**values)
           ^^^^^^^^^^^^^^^^^^^^^^^^^^^^^^
  File "D:\Delhi Protest\backend\app\routers\__init__.py", line 60, in get_article
    try:
    
  File "D:\Delhi Protest\backend\.venv\Lib\site-packages\sqlalchemy\orm\attributes.py", line 569, in __get__
    return self.impl.get(state, dict_)  # type: ignore[no-any-return]
           ~~~~~~~~~~~~~^^^^^^^^^^^^^^
  File "D:\Delhi Protest\backend\.venv\Lib\site-packages\sqlalchemy\orm\attributes.py", line 1096, in get
    value = self._fire_loader_callables(state, key, passive)
  File "D:\Delhi Protest\backend\.venv\Lib\site-packages\sqlalchemy\orm\attributes.py", line 1131, in _fire_loader_callables
    return self.callable_(state, passive)
           ~~~~~~~~~~~~~~^^^^^^^^^^^^^^^^
  File "D:\Delhi Protest\backend\.venv\Lib\site-packages\sqlalchemy\orm\strategies.py", line 978, in _load_for_state
    return self._emit_lazyload(
           ~~~~~~~~~~~~~~~~~~~^
        session,
        ^^^^^^^^
    ...<7 lines>...
        execution_options,
        ^^^^^^^^^^^^^^^^^^
    )
    ^
  File "D:\Delhi Protest\backend\.venv\Lib\site-packages\sqlalchemy\orm\strategies.py", line 1141, in _emit_lazyload
    result = session.execute(
        stmt, params, execution_options=execution_options
    )
  File "D:\Delhi Protest\backend\.venv\Lib\site-packages\sqlalchemy\orm\session.py", line 2373, in execute
    return self._execute_internal(
           ~~~~~~~~~~~~~~~~~~~~~~^
        statement,
        ^^^^^^^^^^
    ...<4 lines>...
        _add_event=_add_event,
        ^^^^^^^^^^^^^^^^^^^^^^
    )
    ^
  File "D:\Delhi Protest\backend\.venv\Lib\site-packages\sqlalchemy\orm\session.py", line 2271, in _execute_internal
    result: Result[Any] = compile_state_cls.orm_execute_statement(
                          ~~~~~~~~~~~~~~~~~~~~~~~~~~~~~~~~~~~~~~~^
        self,
        ^^^^^
    ...<4 lines>...
        conn,
        ^^^^^
    )
    ^
  File "D:\Delhi Protest\backend\.venv\Lib\site-packages\sqlalchemy\orm\context.py", line 306, in orm_execute_statement
    result = conn.execute(
        statement, params or {}, execution_options=execution_options
    )
  File "D:\Delhi Protest\backend\.venv\Lib\site-packages\sqlalchemy\engine\base.py", line 1421, in execute
    return meth(
        self,
        distilled_parameters,
        execution_options or NO_OPTIONS,
    )
  File "D:\Delhi Protest\backend\.venv\Lib\site-packages\sqlalchemy\sql\elements.py", line 526, in _execute_on_connection
    return connection._execute_clauseelement(
           ~~~~~~~~~~~~~~~~~~~~~~~~~~~~~~~~~^
        self, distilled_params, execution_options
        ^^^^^^^^^^^^^^^^^^^^^^^^^^^^^^^^^^^^^^^^^
    )
    ^
  File "D:\Delhi Protest\backend\.venv\Lib\site-packages\sqlalchemy\engine\base.py", line 1643, in _execute_clauseelement
    ret = self._execute_context(
        dialect,
    ...<8 lines>...
        cache_hit=cache_hit,
    )
  File "D:\Delhi Protest\backend\.venv\Lib\site-packages\sqlalchemy\engine\base.py", line 1848, in _execute_context
    return self._exec_single_context(
           ~~~~~~~~~~~~~~~~~~~~~~~~~^
        dialect, context, statement, parameters
        ^^^^^^^^^^^^^^^^^^^^^^^^^^^^^^^^^^^^^^^
    )
    ^
  File "D:\Delhi Protest\backend\.venv\Lib\site-packages\sqlalchemy\engine\base.py", line 1988, in _exec_single_context
    self._handle_dbapi_exception(
    ~~~~~~~~~~~~~~~~~~~~~~~~~~~~^
        e, str_statement, effective_parameters, cursor, context
        ^^^^^^^^^^^^^^^^^^^^^^^^^^^^^^^^^^^^^^^^^^^^^^^^^^^^^^^
    )
    ^
  File "D:\Delhi Protest\backend\.venv\Lib\site-packages\sqlalchemy\engine\base.py", line 2368, in _handle_dbapi_exception
    raise exc_info[1].with_traceback(exc_info[2])
  File "D:\Delhi Protest\backend\.venv\Lib\site-packages\sqlalchemy\engine\base.py", line 1969, in _exec_single_context
    self.dialect.do_execute(
    ~~~~~~~~~~~~~~~~~~~~~~~^
        cursor, str_statement, effective_parameters, context
        ^^^^^^^^^^^^^^^^^^^^^^^^^^^^^^^^^^^^^^^^^^^^^^^^^^^^
    )
    ^
  File "D:\Delhi Protest\backend\.venv\Lib\site-packages\sqlalchemy\engine\default.py", line 952, in do_execute
    cursor.execute(statement, parameters)
    ~~~~~~~~~~~~~~^^^^^^^^^^^^^^^^^^^^^^^
  File "D:\Delhi Protest\backend\.venv\Lib\site-packages\sqlalchemy\dialects\sqlite\aiosqlite.py", line 183, in execute
    self._adapt_connection._handle_exception(error)
    ~~~~~~~~~~~~~~~~~~~~~~~~~~~~~~~~~~~~~~~~^^^^^^^
  File "D:\Delhi Protest\backend\.venv\Lib\site-packages\sqlalchemy\dialects\sqlite\aiosqlite.py", line 343, in _handle_exception
    raise error
  File "D:\Delhi Protest\backend\.venv\Lib\site-packages\sqlalchemy\dialects\sqlite\aiosqlite.py", line 160, in execute
    _cursor: AsyncIODBAPICursor = self.await_(self._connection.cursor())  # type: ignore[arg-type] # noqa: E501
                                  ~~~~~~~~~~~^^^^^^^^^^^^^^^^^^^^^^^^^^^
  File "D:\Delhi Protest\backend\.venv\Lib\site-packages\sqlalchemy\util\_concurrency_py3k.py", line 123, in await_only
    raise exc.MissingGreenlet(
    ...<2 lines>...
    )
sqlalchemy.exc.MissingGreenlet: greenlet_spawn has not been called; can't call await_only() here. Was IO attempted in an unexpected place? (Background on this error at: https://sqlalche.me/e/20/xd2s)
INFO:     127.0.0.1:59764 - "GET /api/articles/1/sources HTTP/1.1" 500 Internal Server Error
ERROR:    Exception in ASGI application
Traceback (most recent call last):
  File "D:\Delhi Protest\backend\.venv\Lib\site-packages\uvicorn\protocols\http\httptools_impl.py", line 399, in run_asgi
    result = await app(  # type: ignore[func-returns-value]
             ^^^^^^^^^^^^^^^^^^^^^^^^^^^^^^^^^^^^^^^^^^^^^^
        self.scope, self.receive, self.send
        ^^^^^^^^^^^^^^^^^^^^^^^^^^^^^^^^^^^
    )
    ^
  File "D:\Delhi Protest\backend\.venv\Lib\site-packages\uvicorn\middleware\proxy_headers.py", line 70, in __call__
    return await self.app(scope, receive, send)
           ^^^^^^^^^^^^^^^^^^^^^^^^^^^^^^^^^^^^
  File "D:\Delhi Protest\backend\.venv\Lib\site-packages\fastapi\applications.py", line 1054, in __call__
    await super().__call__(scope, receive, send)
  File "D:\Delhi Protest\backend\.venv\Lib\site-packages\starlette\applications.py", line 123, in __call__
    await self.middleware_stack(scope, receive, send)
  File "D:\Delhi Protest\backend\.venv\Lib\site-packages\starlette\middleware\errors.py", line 186, in __call__
    raise exc
  File "D:\Delhi Protest\backend\.venv\Lib\site-packages\starlette\middleware\errors.py", line 164, in __call__
    await self.app(scope, receive, _send)
  File "D:\Delhi Protest\backend\.venv\Lib\site-packages\starlette\middleware\cors.py", line 85, in __call__
    await self.app(scope, receive, send)
  File "D:\Delhi Protest\backend\.venv\Lib\site-packages\starlette\middleware\exceptions.py", line 65, in __call__
    await wrap_app_handling_exceptions(self.app, conn)(scope, receive, send)
  File "D:\Delhi Protest\backend\.venv\Lib\site-packages\starlette\_exception_handler.py", line 64, in wrapped_app
    raise exc
  File "D:\Delhi Protest\backend\.venv\Lib\site-packages\starlette\_exception_handler.py", line 53, in wrapped_app
    await app(scope, receive, sender)
  File "D:\Delhi Protest\backend\.venv\Lib\site-packages\starlette\routing.py", line 756, in __call__
    await self.middleware_stack(scope, receive, send)
  File "D:\Delhi Protest\backend\.venv\Lib\site-packages\starlette\routing.py", line 776, in app
    await route.handle(scope, receive, send)
  File "D:\Delhi Protest\backend\.venv\Lib\site-packages\starlette\routing.py", line 297, in handle
    await self.app(scope, receive, send)
  File "D:\Delhi Protest\backend\.venv\Lib\site-packages\starlette\routing.py", line 77, in app
    await wrap_app_handling_exceptions(app, request)(scope, receive, send)
  File "D:\Delhi Protest\backend\.venv\Lib\site-packages\starlette\_exception_handler.py", line 64, in wrapped_app
    raise exc
  File "D:\Delhi Protest\backend\.venv\Lib\site-packages\starlette\_exception_handler.py", line 53, in wrapped_app
    await app(scope, receive, sender)
  File "D:\Delhi Protest\backend\.venv\Lib\site-packages\starlette\routing.py", line 72, in app
    response = await func(request)
               ^^^^^^^^^^^^^^^^^^^
  File "D:\Delhi Protest\backend\.venv\Lib\site-packages\fastapi\routing.py", line 278, in app
    raw_response = await run_endpoint_function(
                   ^^^^^^^^^^^^^^^^^^^^^^^^^^^^
        dependant=dependant, values=values, is_coroutine=is_coroutine
        ^^^^^^^^^^^^^^^^^^^^^^^^^^^^^^^^^^^^^^^^^^^^^^^^^^^^^^^^^^^^^
    )
    ^
  File "D:\Delhi Protest\backend\.venv\Lib\site-packages\fastapi\routing.py", line 191, in run_endpoint_function
    return await dependant.call(**values)
           ^^^^^^^^^^^^^^^^^^^^^^^^^^^^^^
  File "D:\Delhi Protest\backend\app\routers\__init__.py", line 60, in get_article
    try:
    
  File "D:\Delhi Protest\backend\.venv\Lib\site-packages\sqlalchemy\orm\attributes.py", line 569, in __get__
    return self.impl.get(state, dict_)  # type: ignore[no-any-return]
           ~~~~~~~~~~~~~^^^^^^^^^^^^^^
  File "D:\Delhi Protest\backend\.venv\Lib\site-packages\sqlalchemy\orm\attributes.py", line 1096, in get
    value = self._fire_loader_callables(state, key, passive)
  File "D:\Delhi Protest\backend\.venv\Lib\site-packages\sqlalchemy\orm\attributes.py", line 1131, in _fire_loader_callables
    return self.callable_(state, passive)
           ~~~~~~~~~~~~~~^^^^^^^^^^^^^^^^
  File "D:\Delhi Protest\backend\.venv\Lib\site-packages\sqlalchemy\orm\strategies.py", line 978, in _load_for_state
    return self._emit_lazyload(
           ~~~~~~~~~~~~~~~~~~~^
        session,
        ^^^^^^^^
    ...<7 lines>...
        execution_options,
        ^^^^^^^^^^^^^^^^^^
    )
    ^
  File "D:\Delhi Protest\backend\.venv\Lib\site-packages\sqlalchemy\orm\strategies.py", line 1141, in _emit_lazyload
    result = session.execute(
        stmt, params, execution_options=execution_options
    )
  File "D:\Delhi Protest\backend\.venv\Lib\site-packages\sqlalchemy\orm\session.py", line 2373, in execute
    return self._execute_internal(
           ~~~~~~~~~~~~~~~~~~~~~~^
        statement,
        ^^^^^^^^^^
    ...<4 lines>...
        _add_event=_add_event,
        ^^^^^^^^^^^^^^^^^^^^^^
    )
    ^
  File "D:\Delhi Protest\backend\.venv\Lib\site-packages\sqlalchemy\orm\session.py", line 2271, in _execute_internal
    result: Result[Any] = compile_state_cls.orm_execute_statement(
                          ~~~~~~~~~~~~~~~~~~~~~~~~~~~~~~~~~~~~~~~^
        self,
        ^^^^^
    ...<4 lines>...
        conn,
        ^^^^^
    )
    ^
  File "D:\Delhi Protest\backend\.venv\Lib\site-packages\sqlalchemy\orm\context.py", line 306, in orm_execute_statement
    result = conn.execute(
        statement, params or {}, execution_options=execution_options
    )
  File "D:\Delhi Protest\backend\.venv\Lib\site-packages\sqlalchemy\engine\base.py", line 1421, in execute
    return meth(
        self,
        distilled_parameters,
        execution_options or NO_OPTIONS,
    )
  File "D:\Delhi Protest\backend\.venv\Lib\site-packages\sqlalchemy\sql\elements.py", line 526, in _execute_on_connection
    return connection._execute_clauseelement(
           ~~~~~~~~~~~~~~~~~~~~~~~~~~~~~~~~~^
        self, distilled_params, execution_options
        ^^^^^^^^^^^^^^^^^^^^^^^^^^^^^^^^^^^^^^^^^
    )
    ^
  File "D:\Delhi Protest\backend\.venv\Lib\site-packages\sqlalchemy\engine\base.py", line 1643, in _execute_clauseelement
    ret = self._execute_context(
        dialect,
    ...<8 lines>...
        cache_hit=cache_hit,
    )
  File "D:\Delhi Protest\backend\.venv\Lib\site-packages\sqlalchemy\engine\base.py", line 1848, in _execute_context
    return self._exec_single_context(
           ~~~~~~~~~~~~~~~~~~~~~~~~~^
        dialect, context, statement, parameters
        ^^^^^^^^^^^^^^^^^^^^^^^^^^^^^^^^^^^^^^^
    )
    ^
  File "D:\Delhi Protest\backend\.venv\Lib\site-packages\sqlalchemy\engine\base.py", line 1988, in _exec_single_context
    self._handle_dbapi_exception(
    ~~~~~~~~~~~~~~~~~~~~~~~~~~~~^
        e, str_statement, effective_parameters, cursor, context
        ^^^^^^^^^^^^^^^^^^^^^^^^^^^^^^^^^^^^^^^^^^^^^^^^^^^^^^^
    )
    ^
  File "D:\Delhi Protest\backend\.venv\Lib\site-packages\sqlalchemy\engine\base.py", line 2368, in _handle_dbapi_exception
    raise exc_info[1].with_traceback(exc_info[2])
  File "D:\Delhi Protest\backend\.venv\Lib\site-packages\sqlalchemy\engine\base.py", line 1969, in _exec_single_context
    self.dialect.do_execute(
    ~~~~~~~~~~~~~~~~~~~~~~~^
        cursor, str_statement, effective_parameters, context
        ^^^^^^^^^^^^^^^^^^^^^^^^^^^^^^^^^^^^^^^^^^^^^^^^^^^^
    )
    ^
  File "D:\Delhi Protest\backend\.venv\Lib\site-packages\sqlalchemy\engine\default.py", line 952, in do_execute
    cursor.execute(statement, parameters)
    ~~~~~~~~~~~~~~^^^^^^^^^^^^^^^^^^^^^^^
  File "D:\Delhi Protest\backend\.venv\Lib\site-packages\sqlalchemy\dialects\sqlite\aiosqlite.py", line 183, in execute
    self._adapt_connection._handle_exception(error)
    ~~~~~~~~~~~~~~~~~~~~~~~~~~~~~~~~~~~~~~~~^^^^^^^
  File "D:\Delhi Protest\backend\.venv\Lib\site-packages\sqlalchemy\dialects\sqlite\aiosqlite.py", line 343, in _handle_exception
    raise error
  File "D:\Delhi Protest\backend\.venv\Lib\site-packages\sqlalchemy\dialects\sqlite\aiosqlite.py", line 160, in execute
    _cursor: AsyncIODBAPICursor = self.await_(self._connection.cursor())  # type: ignore[arg-type] # noqa: E501
                                  ~~~~~~~~~~~^^^^^^^^^^^^^^^^^^^^^^^^^^^
  File "D:\Delhi Protest\backend\.venv\Lib\site-packages\sqlalchemy\util\_concurrency_py3k.py", line 123, in await_only
    raise exc.MissingGreenlet(
    ...<2 lines>...
    )
sqlalchemy.exc.MissingGreenlet: greenlet_spawn has not been called; can't call await_only() here. Was IO attempted in an unexpected place? (Background on this error at: https://sqlalche.me/e/20/xd2s)
INFO:     127.0.0.1:65512 - "GET /api/documents HTTP/1.1" 200 OK
INFO:     127.0.0.1:65510 - "GET /api/articles HTTP/1.1" 200 OK
INFO:     127.0.0.1:65511 - "GET /api/statistics HTTP/1.1" 200 OK
INFO:     127.0.0.1:65510 - "GET /api/articles HTTP/1.1" 200 OK
INFO:     127.0.0.1:65512 - "GET /api/documents HTTP/1.1" 200 OK
INFO:     127.0.0.1:65511 - "GET /api/statistics HTTP/1.1" 200 OK
INFO:     127.0.0.1:65510 - "GET /api/articles HTTP/1.1" 200 OK
INFO:     127.0.0.1:65512 - "GET /api/documents HTTP/1.1" 200 OK
INFO:     127.0.0.1:65511 - "GET /api/statistics HTTP/1.1" 200 OK
INFO:     127.0.0.1:65512 - "GET /api/documents HTTP/1.1" 200 OK
INFO:     127.0.0.1:65510 - "GET /api/articles HTTP/1.1" 200 OK
INFO:     127.0.0.1:65511 - "GET /api/statistics HTTP/1.1" 200 OK
INFO:     127.0.0.1:65510 - "GET /api/articles HTTP/1.1" 200 OK
INFO:     127.0.0.1:65512 - "GET /api/documents HTTP/1.1" 200 OK
INFO:     127.0.0.1:65511 - "GET /api/statistics HTTP/1.1" 200 OK
INFO:     127.0.0.1:51694 - "GET /api/documents HTTP/1.1" 200 OK
INFO:     127.0.0.1:51692 - "GET /api/articles HTTP/1.1" 200 OK
INFO:     127.0.0.1:51693 - "GET /api/statistics HTTP/1.1" 200 OK
INFO:     127.0.0.1:54527 - "GET /api/articles HTTP/1.1" 200 OK
INFO:     127.0.0.1:54528 - "GET /api/documents HTTP/1.1" 200 OK
INFO:     127.0.0.1:54529 - "GET /api/statistics HTTP/1.1" 200 OK
INFO:     127.0.0.1:64342 - "GET /api/documents HTTP/1.1" 200 OK
INFO:     127.0.0.1:64340 - "GET /api/articles HTTP/1.1" 200 OK
INFO:     127.0.0.1:64341 - "GET /api/statistics HTTP/1.1" 200 OK
INFO:     127.0.0.1:64915 - "GET /api/documents HTTP/1.1" 200 OK
INFO:     127.0.0.1:64913 - "GET /api/articles HTTP/1.1" 200 OK
INFO:     127.0.0.1:64914 - "GET /api/statistics HTTP/1.1" 200 OK
INFO:     127.0.0.1:65278 - "GET /api/articles HTTP/1.1" 200 OK
INFO:     127.0.0.1:65280 - "GET /api/documents HTTP/1.1" 200 OK
INFO:     127.0.0.1:65279 - "GET /api/statistics HTTP/1.1" 200 OK
INFO:     127.0.0.1:53356 - "GET /api/documents HTTP/1.1" 200 OK
INFO:     127.0.0.1:53355 - "GET /api/articles HTTP/1.1" 200 OK
INFO:     127.0.0.1:53354 - "GET /api/statistics HTTP/1.1" 200 OK
INFO:     127.0.0.1:55623 - "GET /api/documents HTTP/1.1" 200 OK
INFO:     127.0.0.1:55621 - "GET /api/articles HTTP/1.1" 200 OK
INFO:     127.0.0.1:55622 - "GET /api/statistics HTTP/1.1" 200 OK
INFO:     127.0.0.1:61759 - "GET /api/documents HTTP/1.1" 200 OK
INFO:     127.0.0.1:61757 - "GET /api/articles HTTP/1.1" 200 OK
INFO:     127.0.0.1:61758 - "GET /api/statistics HTTP/1.1" 200 OK
INFO:     127.0.0.1:65468 - "GET /api/documents HTTP/1.1" 200 OK
INFO:     127.0.0.1:65466 - "GET /api/articles HTTP/1.1" 200 OK
INFO:     127.0.0.1:65467 - "GET /api/statistics HTTP/1.1" 200 OK
INFO:     127.0.0.1:65468 - "GET /api/documents HTTP/1.1" 200 OK
INFO:     127.0.0.1:65466 - "GET /api/articles HTTP/1.1" 200 OK
INFO:     127.0.0.1:65467 - "GET /api/statistics HTTP/1.1" 200 OK
INFO:     127.0.0.1:55044 - "GET /api/documents HTTP/1.1" 200 OK
INFO:     127.0.0.1:55042 - "GET /api/articles HTTP/1.1" 200 OK
INFO:     127.0.0.1:55043 - "GET /api/statistics HTTP/1.1" 200 OK
INFO:     127.0.0.1:51358 - "GET /api/documents HTTP/1.1" 200 OK
INFO:     127.0.0.1:51356 - "GET /api/articles HTTP/1.1" 200 OK
INFO:     127.0.0.1:51357 - "GET /api/statistics HTTP/1.1" 200 OK
INFO:     127.0.0.1:51358 - "GET /api/documents HTTP/1.1" 200 OK
INFO:     127.0.0.1:51356 - "GET /api/articles HTTP/1.1" 200 OK
INFO:     127.0.0.1:51357 - "GET /api/statistics HTTP/1.1" 200 OK
INFO:     127.0.0.1:61840 - "GET /api/documents HTTP/1.1" 200 OK
INFO:     127.0.0.1:61838 - "GET /api/articles HTTP/1.1" 200 OK
INFO:     127.0.0.1:61839 - "GET /api/statistics HTTP/1.1" 200 OK
INFO:     127.0.0.1:61840 - "GET /api/documents HTTP/1.1" 200 OK
INFO:     127.0.0.1:61838 - "GET /api/articles HTTP/1.1" 200 OK
INFO:     127.0.0.1:61839 - "GET /api/statistics HTTP/1.1" 200 OK
INFO:     127.0.0.1:59371 - "GET /api/documents HTTP/1.1" 200 OK
INFO:     127.0.0.1:59369 - "GET /api/articles HTTP/1.1" 200 OK
INFO:     127.0.0.1:59370 - "GET /api/statistics HTTP/1.1" 200 OK
INFO:     127.0.0.1:51013 - "GET /api/documents HTTP/1.1" 200 OK
INFO:     127.0.0.1:51011 - "GET /api/articles HTTP/1.1" 200 OK
INFO:     127.0.0.1:51012 - "GET /api/statistics HTTP/1.1" 200 OK
INFO:     127.0.0.1:51596 - "GET /api/documents HTTP/1.1" 200 OK
INFO:     127.0.0.1:51594 - "GET /api/articles HTTP/1.1" 200 OK
INFO:     127.0.0.1:51595 - "GET /api/statistics HTTP/1.1" 200 OK
INFO:     127.0.0.1:51594 - "GET /api/articles HTTP/1.1" 200 OK
INFO:     127.0.0.1:51596 - "GET /api/documents HTTP/1.1" 200 OK
INFO:     127.0.0.1:51595 - "GET /api/statistics HTTP/1.1" 200 OK
INFO:     127.0.0.1:64324 - "GET /api/articles HTTP/1.1" 200 OK
INFO:     127.0.0.1:63777 - "GET /api/articles HTTP/1.1" 200 OK
INFO:     127.0.0.1:63779 - "GET /api/documents HTTP/1.1" 200 OK
INFO:     127.0.0.1:63778 - "GET /api/statistics HTTP/1.1" 200 OK
INFO:     127.0.0.1:63777 - "GET /api/articles HTTP/1.1" 200 OK
INFO:     127.0.0.1:63779 - "GET /api/documents HTTP/1.1" 200 OK
INFO:     127.0.0.1:63778 - "GET /api/statistics HTTP/1.1" 200 OK
INFO:     127.0.0.1:58193 - "GET /api/documents HTTP/1.1" 200 OK
INFO:     127.0.0.1:58191 - "GET /api/articles HTTP/1.1" 200 OK
INFO:     127.0.0.1:58192 - "GET /api/statistics HTTP/1.1" 200 OK
INFO:     127.0.0.1:63358 - "GET /api/statistics HTTP/1.1" 200 OK
INFO:     127.0.0.1:52823 - "GET /api/statistics HTTP/1.1" 200 OK
INFO:     127.0.0.1:58750 - "GET /api/statistics HTTP/1.1" 200 OK
INFO:     127.0.0.1:60317 - "GET /api/documents HTTP/1.1" 200 OK
INFO:     127.0.0.1:60315 - "GET /api/articles HTTP/1.1" 200 OK
INFO:     127.0.0.1:60316 - "GET /api/statistics HTTP/1.1" 200 OK
INFO:     127.0.0.1:59399 - "GET /api/documents HTTP/1.1" 200 OK
INFO:     127.0.0.1:59397 - "GET /api/articles HTTP/1.1" 200 OK
INFO:     127.0.0.1:59398 - "GET /api/statistics HTTP/1.1" 200 OK
INFO:     127.0.0.1:59397 - "GET /api/articles HTTP/1.1" 200 OK
INFO:     127.0.0.1:59399 - "GET /api/documents HTTP/1.1" 200 OK
INFO:     127.0.0.1:59398 - "GET /api/statistics HTTP/1.1" 200 OK
INFO:     127.0.0.1:61214 - "GET /api/documents HTTP/1.1" 200 OK
INFO:     127.0.0.1:61212 - "GET /api/articles HTTP/1.1" 200 OK
INFO:     127.0.0.1:61213 - "GET /api/statistics HTTP/1.1" 200 OK
INFO:     127.0.0.1:49491 - "GET /api/documents HTTP/1.1" 200 OK
INFO:     127.0.0.1:49489 - "GET /api/articles HTTP/1.1" 200 OK
INFO:     127.0.0.1:49490 - "GET /api/statistics HTTP/1.1" 200 OK
INFO:     127.0.0.1:49489 - "GET /api/articles HTTP/1.1" 200 OK
INFO:     127.0.0.1:49491 - "GET /api/documents HTTP/1.1" 200 OK
INFO:     127.0.0.1:49490 - "GET /api/statistics HTTP/1.1" 200 OK
INFO:     127.0.0.1:49728 - "GET /api/articles HTTP/1.1" 200 OK
INFO:     127.0.0.1:49730 - "GET /api/documents HTTP/1.1" 200 OK
INFO:     127.0.0.1:49729 - "GET /api/statistics HTTP/1.1" 200 OK
INFO:     127.0.0.1:49728 - "GET /api/articles HTTP/1.1" 200 OK
INFO:     127.0.0.1:49730 - "GET /api/documents HTTP/1.1" 200 OK
INFO:     127.0.0.1:49729 - "GET /api/statistics HTTP/1.1" 200 OK
INFO:     127.0.0.1:49728 - "GET /api/articles HTTP/1.1" 200 OK
INFO:     127.0.0.1:49730 - "GET /api/documents HTTP/1.1" 200 OK
INFO:     127.0.0.1:49729 - "GET /api/statistics HTTP/1.1" 200 OK
INFO:     127.0.0.1:55302 - "GET /api/documents HTTP/1.1" 200 OK
INFO:     127.0.0.1:55300 - "GET /api/articles HTTP/1.1" 200 OK
INFO:     127.0.0.1:55301 - "GET /api/statistics HTTP/1.1" 200 OK
INFO:     127.0.0.1:55300 - "GET /api/articles HTTP/1.1" 200 OK
INFO:     127.0.0.1:55302 - "GET /api/documents HTTP/1.1" 200 OK
INFO:     127.0.0.1:55301 - "GET /api/statistics HTTP/1.1" 200 OK
INFO:     127.0.0.1:64634 - "GET /api/statistics HTTP/1.1" 200 OK
INFO:     127.0.0.1:61849 - "GET /api/statistics HTTP/1.1" 200 OK
INFO:     127.0.0.1:61851 - "GET /api/articles HTTP/1.1" 200 OK
INFO:     127.0.0.1:55661 - "GET /api/statistics HTTP/1.1" 200 OK
INFO:     127.0.0.1:57482 - "GET /api/articles HTTP/1.1" 200 OK
INFO:     127.0.0.1:57484 - "GET /api/documents HTTP/1.1" 200 OK
INFO:     127.0.0.1:57483 - "GET /api/statistics HTTP/1.1" 200 OK
INFO:     127.0.0.1:56777 - "GET /api/statistics HTTP/1.1" 200 OK
INFO:     127.0.0.1:64506 - "GET /api/statistics HTTP/1.1" 200 OK
INFO:     127.0.0.1:54057 - "GET /api/statistics HTTP/1.1" 200 OK
INFO:     127.0.0.1:62189 - "GET /api/statistics HTTP/1.1" 200 OK
INFO:     127.0.0.1:59783 - "GET /api/statistics HTTP/1.1" 200 OK
INFO:     127.0.0.1:58482 - "GET /api/statistics HTTP/1.1" 200 OK
INFO:     127.0.0.1:59712 - "GET /api/statistics HTTP/1.1" 200 OK
INFO:     127.0.0.1:62325 - "GET /api/statistics HTTP/1.1" 200 OK
INFO:     127.0.0.1:63240 - "GET /api/statistics HTTP/1.1" 200 OK
